[
  {
    "KBID": "KB3023562",
    "details": [
      {
        "bit": "64",
        "patch": "windowsserver2003-kb3023562-x64-chs_c6a21f3fdadcffa690ebea3b540eb798c4b8fde2.exe,windowsserver2003-kb3023562-x64-enu_077e63e000a6c7f60103f6c945bc6c2d56ae8f56.exe"
      },
      {
        "bit": "32",
        "patch": "windowsserver2003-kb3023562-x86-chs_c6947c91f939573238d59b5a38ac0777fbcfd1b0.exe,windowsserver2003-kb3023562-x86-enu_68cb878eb4f17d52e0b37bc0e07e40599ebbe9d4.exe"
      }
    ]
  },
  {
    "KBID": "KB3067505",
    "details": [
      {
        "bit": "64",
        "patch": "windowsserver2003-kb3067505-x64-chs_3e8175847d7d797a02cac9e35f05d5fe884eb208.exe,windowsserver2003-kb3067505-x64-enu_e64590ef27dd2548e270ed3d71296ccdacd4685f.exe"
      },
      {
        "bit": "32",
        "patch": "windowsserver2003-kb3067505-x86-chs_ffd181243ba1c0e40c96e9808d9f47b0bc8ab633.exe,windowsserver2003-kb3067505-x86-enu_31d09cbe2f08b41c56e50f22daf851769adafe49.exe"
      }
    ]
  },
  {
    "KBID": "KB3072630",
    "details": [
      {
        "bit": "64",
        "patch": "windowsserver2003-kb3072630-x64-chs_ac570f50c5694d7ed4b9c8f1687a405b2776714b.exe,windowsserver2003-kb3072630-x64-enu_e4e5d7c372ddb9474fba3947d45a62cad7051a35.exe"
      },
      {
        "bit": "32",
        "patch": "windowsserver2003-kb3072630-x86-chs_ecfa522ff4c0170f0bec5f3f9e9256d72787817b.exe,windowsserver2003-kb3072630-x86-enu_6cee65f05d1a69624b313623c8ae3b1fcf5be89a.exe"
      }
    ]
  },
  {
    "KBID": "KB2998579",
    "details": [
      {
        "bit": "32",
        "patch": "windowsserver2003-kb2998579-x86-chs_734a3f30dc7a3866441f92ef77b2d4f57ed2f858.exe,windowsserver2003-kb2998579-x86-enu_eb55bf13ec14ace6ace994c67220878751f8e9ec.exe"
      },
      {
        "bit": "64",
        "patch": "windowsserver2003-kb2998579-x64-chs_f9c3e2a9a03448218f8ed05b3029555e2be95494.exe,windowsserver2003-kb2998579-x64-enu_ca4ce6cbd9c7ff010c844c47247b07f725305009.exe"
      }
    ]
  },
  {
    "KBID": "KB3061518",
    "details": [
      {
        "bit": "64",
        "patch": "windowsserver2003-kb3061518-x64-chs_198cba968993715332545ac185b33b461fa2d052.exe,windowsserver2003-kb3061518-x64-enu_164fd92f3af3d6d840c974999e9767f7a64f029f.exe"
      },
      {
        "bit": "32",
        "patch": "windowsserver2003-kb3061518-x86-chs_b92326fe6e3a19dc4dc48759e3b4dd5f976033e8.exe,windowsserver2003-kb3061518-x86-enu_0efbf6de928a5c87617da7a92b9ef9bfbfd3ed76.exe"
      }
    ]
  },
  {
    "KBID": "KB3019215",
    "details": [
      {
        "bit": "32",
        "patch": "windowsserver2003-kb3019215-x86-chs_6cc0148ab9a01b55dc49c12036f596000ce277fe.exe,windowsserver2003-kb3019215-x86-enu_1cd0c43d53eeb8b46f216263119f50b22e5cc7d3.exe"
      },
      {
        "bit": "64",
        "patch": "windowsserver2003-kb3019215-x64-chs_a16ad7393653424983d045f768c3e1284ab240c5.exe,windowsserver2003-kb3019215-x64-enu_f650524ae7bbfcd19a5ef90f7633ab7bca558cb2.exe"
      }
    ]
  },
  {
    "KBID": "KB2993254",
    "details": [
      {
        "bit": "32",
        "patch": "windowsserver2003-kb2993254-x86-chs_ebe2c94e52a1d11768911355e28bc31069b47c64.exe,windowsserver2003-kb2993254-x86-enu_f783a93622ed47559ddc32f70f95980e34e88a84.exe"
      },
      {
        "bit": "64",
        "patch": "windowsserver2003-kb2993254-x64-chs_04456c8e41eda629640bb69d7621cde552cc6603.exe,windowsserver2003-kb2993254-x64-enu_4affe82742c4d05a3bae1529cd5daaa960886bab.exe"
      }
    ]
  },
  {
    "KBID": "KB3011780",
    "details": [
      {
        "bit": "64",
        "patch": "windowsserver2003-kb3011780-x64-chs_df09e90a78e1df752edc509e7679d9f3fbc40647.exe,windowsserver2003-kb3011780-x64-enu_bf7d44575163f3b895b339a4d11298acb97802ce.exe"
      },
      {
        "bit": "32",
        "patch": "windowsserver2003-kb3011780-x86-chs_e33d1b3640ee43af2ef1c9d599f13f8d130c5dff.exe,windowsserver2003-kb3011780-x86-enu_d2c89472f95a1338f568311a6139cebdcb56a3c3.exe"
      }
    ]
  },
  {
    "KBID": "KB3006226",
    "details": [
      {
        "bit": "64",
        "patch": "windowsserver2003-kb3006226-x64-chs_39cc267b4b1dbbfb4e3c324fc310ee076a7b0880.exe,windowsserver2003-kb3006226-x64-enu_d967cd1aa37cfa2ea04072cd4653a0cdcc99412f.exe"
      },
      {
        "bit": "32",
        "patch": "windowsserver2003-kb3006226-x86-chs_07ac8b94b01e3ed233551b4bd967ecfa3daa9f8a.exe,windowsserver2003-kb3006226-x86-enu_179329eba3cd03b03dbc0c9d6dbc85c117b34128.exe"
      }
    ]
  },
  {
    "KBID": "KB2989935",
    "details": [
      {
        "bit": "64",
        "patch": "windowsserver2003-kb2989935-x64-chs_ce63e26316dd8779b9f6ed4bb1ef7038067b7a5b.exe,windowsserver2003-kb2989935-x64-enu_d6a9545667278310c19d4ca4729de6802f32a701.exe"
      },
      {
        "bit": "32",
        "patch": "windowsserver2003-kb2989935-x86-chs_1879b363b1cb96f471ebc63d885403812672efb9.exe,windowsserver2003-kb2989935-x86-enu_02089419eee7e9229bd26ca1a6d2baaecbb27201.exe"
      }
    ]
  },
  {
    "KBID": "KB4012583",
    "details": [
      {
        "bit": "64",
        "patch": "windowsserver2003-kb4012583-x64-custom-chs_2d700c6e22e3e2293aaad11ad2f251961c13a30d.exe,windowsserver2003-kb4012583-x64-custom-enu_adaf88e4e4d77aeef8e07aede850a1dad6faf393.exe"
      },
      {
        "bit": "32",
        "patch": "windowsserver2003-kb4012583-x86-custom-chs_7fd7937f4e84cb9c059a460dc59182d92671fc54.exe,windowsserver2003-kb4012583-x86-custom-enu_2f16ef1e170704dfa1ad5bceb29e7c7e4f38a413.exe"
      }
    ]
  },
  {
    "KBID": "KB3013126",
    "details": [
      {
        "bit": "32",
        "patch": "windowsserver2003-kb3013126-x86-chs_06b2a402f429e04935e3c3df10414ba2b96952ff.exe,windowsserver2003-kb3013126-x86-enu_05c1f4f7e095e8e8eeedadfc1e0254a4d5d8867e.exe"
      },
      {
        "bit": "64",
        "patch": "windowsserver2003-kb3013126-x64-chs_120077ac112e888ade20dc34dfa6fa9780ac6415.exe,windowsserver2003-kb3013126-x64-enu_06fc748698d42f6ca302bbe56e1138a776e63445.exe"
      }
    ]
  },
  {
    "KBID": "KB2926765",
    "details": [
      {
        "bit": "64",
        "patch": "windowsserver2003-kb2926765-x64-chs_4f72c27d877ddadabbf44ee1be581e2fe9fbdf7e.exe,windowsserver2003-kb2926765-x64-enu_9a3b18ab9a752a0b1372c7e7fe850540498e5ddd.exe"
      },
      {
        "bit": "32",
        "patch": "windowsserver2003-kb2926765-x86-chs_e3856ebabba6c7b8b4634583e7665be45e5e1af0.exe,windowsserver2003-kb2926765-x86-enu_af187ecd088006226e2d441f5b777b76d838ac34.exe"
      }
    ]
  },
  {
    "KBID": "KB3045171",
    "details": [
      {
        "bit": "64",
        "patch": "windowsserver2003-kb3045171-x64-chs_7e54e45fd3f668c97f0e830e0f071a1b25502a98.exe,windowsserver2003-kb3045171-x64-enu_a3129f8ea90ce3f49d432be087bcb2c086b22728.exe"
      },
      {
        "bit": "32",
        "patch": "windowsserver2003-kb3045171-x86-chs_d6db53026f2372c2179bccd3d0d78edc5866843b.exe,windowsserver2003-kb3045171-x86-enu_1efaa58a56c7a1657d52368fc03c848a0df02065.exe"
      }
    ]
  },
  {
    "KBID": "KB2961072",
    "details": [
      {
        "bit": "32",
        "patch": "windowsserver2003-kb2961072-x86-chs_f296be0557c8fe356b6263b7d1956dc83a40c1db.exe,windowsserver2003-kb2961072-x86-enu_84e63d01246d191f5a740b7eb14dd9ab52e91e3a.exe"
      },
      {
        "bit": "64",
        "patch": "windowsserver2003-kb2961072-x64-chs_173faadc932f38ac9962b8b03ffdc5fb8e12ec1b.exe,windowsserver2003-kb2961072-x64-enu_7f66516a4740459297d4188bc4af5f32629d7a7c.exe"
      }
    ]
  },
  {
    "KBID": "KB3045999",
    "details": [
      {
        "bit": "32",
        "patch": "windowsserver2003-kb3045999-x86-chs_ee57245890b187f966aea8ab04347375b03cb4cb.exe,windowsserver2003-kb3045999-x86-enu_c4d12a0867963abd74cac8e6c8f2f57cb8b019cc.exe"
      },
      {
        "bit": "64",
        "patch": "windowsserver2003-kb3045999-x64-chs_28c7e2816fe751725552998ec3af3eb8ac6be4c6.exe,windowsserver2003-kb3045999-x64-enu_54e8c58006c37c5b968a7286f5dc4720b5d65c37.exe"
      }
    ]
  },
  {
    "KBID": "KB2933528",
    "details": [
      {
        "bit": "64",
        "patch": "windowsserver2003.windowsxp-kb2933528-x64-chs_ee881eeb5063a38283b2ae05bd5468d36f145042.exe,windowsserver2003.windowsxp-kb2933528-x64-enu_5704706afe67acef7114e17babe01e1741fc0bac.exe"
      },
      {
        "bit": "32",
        "patch": "windowsserver2003-kb2933528-x86-chs_580afe1f8530cb14e87ee69daf48c73f07d26e58.exe,windowsserver2003-kb2933528-x86-enu_24e174e87f5986e73606079c445786b2b0cf8b95.exe"
      }
    ]
  },
  {
    "KBID": "KB3021674",
    "details": [
      {
        "bit": "64",
        "patch": "windowsserver2003-kb3021674-x64-chs_84ae7e4bafb488c27fe1f46b66de4d0955aa516e.exe,windowsserver2003-kb3021674-x64-enu_89356f2f9bf71760f22af0ed38d806a28a81b8bd.exe"
      },
      {
        "bit": "32",
        "patch": "windowsserver2003-kb3021674-x86-chs_1e0abe230eada151a16be7e57f0d30f425092888.exe,windowsserver2003-kb3021674-x86-enu_1a0b36899bbc2aafd5b17db0dd6adcbda4adc0a3.exe"
      }
    ]
  },
  {
    "KBID": "KB3068457",
    "details": [
      {
        "bit": "64",
        "patch": "windowsserver2003-kb3068457-x64-chs_4759c99ebea578ca5af74c0ccadac605aaa44e50.exe,windowsserver2003-kb3068457-x64-enu_7abb9cead90e58fc4e54eb1b7609ef15d9337661.exe"
      },
      {
        "bit": "32",
        "patch": "windowsserver2003-kb3068457-x86-chs_ea1573f3fbdbef158a0e9a3568558523f517a3a2.exe,windowsserver2003-kb3068457-x86-enu_e4720bdbc54688e048d22508b0a975bd92cab582.exe"
      }
    ]
  },
  {
    "KBID": "KB3045685",
    "details": [
      {
        "bit": "32",
        "patch": "windowsserver2003-kb3045685-x86-chs_067c1a1d3d7eb27e7a0f76d336b08ff5354694f4.exe,windowsserver2003-kb3045685-x86-enu_bf5de2041116a5b5ab9b83f182bff63a666c3cdc.exe"
      },
      {
        "bit": "64",
        "patch": "windowsserver2003-kb3045685-x64-chs_703a01a5e85adce215dfd59b0dd3c458e3b4e318.exe,windowsserver2003-kb3045685-x64-enu_2111c5cd9a45b3e2b4bfbeebe8d31ea0caa0db3a.exe"
      }
    ]
  },
  {
    "KBID": "KB3067903",
    "details": [
      {
        "bit": "64",
        "patch": "windowsmedia11-kb3067903-x64-chs_a64a1dd1d93e72ecad363b542cc679f88b36d807.exe,windowsmedia11-kb3067903-x64-enu_ff84cb53ba0e0e5e1889c7c4c8d99777f6b98b84.exe"
      },
      {
        "bit": "32",
        "patch": "windowsserver2003-kb3067903-x86-chs_a15c7669011735c671d0323a81898dac38036359.exe,windowsserver2003-kb3067903-x86-enu_4292cdb5d0fa8ec2827ae19d5bbb6170d125d400.exe"
      }
    ]
  },
  {
    "KBID": "KB4018466",
    "details": [
      {
        "bit": "64",
        "patch": "windowsserver2003-kb4018466-x64-custom-chs_6d4b2edfd6844625575e9bf14eca7cffb1ae2cc1.exe,windowsserver2003-kb4018466-x64-custom-enu_401a818ee05a2d3ab44f82bd98e8c5e60b0a68ca.exe"
      },
      {
        "bit": "32",
        "patch": "windowsserver2003-kb4018466-x86-custom-chs_1b252c1ab7a85e1716d116fd3536847213915bf2.exe,windowsserver2003-kb4018466-x86-custom-enu_a8bf3c211a27b5a30b9435cbacf1a0490c1309ce.exe"
      }
    ]
  },
  {
    "KBID": "KB3020393",
    "details": [
      {
        "bit": "64",
        "patch": "windowsserver2003-kb3020393-x64-chs_90a9baa1316b677fec1581b09e68417b248c5506.exe,windowsserver2003-kb3020393-x64-enu_d5574208211a55cdd071643ba9f0b2100dcfc305.exe"
      },
      {
        "bit": "32",
        "patch": "windowsserver2003-kb3020393-x86-chs_34ff71850243508823db528fa7d83fedc05974f3.exe,windowsserver2003-kb3020393-x86-enu_14a4a4eef6b3783c6672ced37adcd2ebee65c13e.exe"
      }
    ]
  },
  {
    "KBID": "KB3014029",
    "details": [
      {
        "bit": "64",
        "patch": "windowsserver2003-kb3014029-x64-chs_50261c7b60cd26ed9569fa1d178655b8cd4f1c14.exe,windowsserver2003-kb3014029-x64-enu_ef0e811fda83c45ca55d9ed29ae38a768d44ce9c.exe"
      },
      {
        "bit": "32",
        "patch": "windowsserver2003-kb3014029-x86-chs_d7cf01235383f081185af2d26b26c23a7929893f.exe,windowsserver2003-kb3014029-x86-enu_0c811f7e5ff15c7da4a06c9f14f3f32040967d69.exe"
      }
    ]
  },
  {
    "KBID": "KB2991963",
    "details": [
      {
        "bit": "64",
        "patch": "windowsserver2003-kb2991963-x64-enu_ab9a6c2160497f61cb27d985fbb7664dfd7f57d5.exe"
      },
      {
        "bit": "32",
        "patch": "windowsserver2003-kb2991963-x86-chs_4e911e020792f37b192f13311563ea456bccfb71.exe,windowsserver2003-kb2991963-x86-enu_0cbd4e887c58762f6048bb1473f03645978942c5.exe"
      }
    ]
  },
  {
    "KBID": "KB2993651",
    "details": [
      {
        "bit": "64",
        "patch": "windowsserver2003-kb2993651-x64-chs_d3c947009e55c68878c730513f59c1b190723535.exe,windowsserver2003-kb2993651-x64-enu_ec794dad92ebd5680ff88b371c9ff8e21d8d5586.exe"
      },
      {
        "bit": "32",
        "patch": "windowsserver2003-kb2993651-x86-chs_ae68ee3cdff9903451687559b49ef7a49e5d2c23.exe,windowsserver2003-kb2993651-x86-enu_6132d5721acedc84ee4879088421bbcfb929ecc9.exe"
      }
    ]
  },
  {
    "KBID": "KB3029944",
    "details": [
      {
        "bit": "64",
        "patch": "windowsserver2003-kb3029944-x64-chs_b64083cc0f9cb75131191755170ef12b49a0f29c.exe,windowsserver2003-kb3029944-x64-enu_c9a9fc76c2a881f6ec4b0c65da05557381d400fd.exe"
      },
      {
        "bit": "32",
        "patch": "windowsserver2003-kb3029944-x86-chs_6ccaaa9a784d7c9f8b82a3e247b3b982bb7c77ef.exe,windowsserver2003-kb3029944-x86-enu_035a704beba77d562cf0c1cc3e73521c8d32b227.exe"
      }
    ]
  },
  {
    "KBID": "KB4012598",
    "details": [
      {
        "bit": "64",
        "patch": "windowsserver2003-kb4012598-x64-custom-chs_68a2895db36e911af59c2ee133baee8de11316b9.exe,windowsserver2003-kb4012598-x64-custom-enu_f24d8723f246145524b9030e4752c96430981211.exe"
      },
      {
        "bit": "32",
        "patch": "windowsserver2003-kb4012598-x86-custom-chs_b45d2d8c83583053d37b20edf5f041ecede54b80.exe,windowsserver2003-kb4012598-x86-custom-enu_f617caf6e7ee6f43abe4b386cb1d26b3318693cf.exe"
      }
    ]
  },
  {
    "KBID": "KB3046482",
    "details": [
      {
        "bit": "64",
        "patch": "windowsserver2003-kb3046482-x64-chs_da637b3e2e91cfafccc9e95a0f85107dd0f96ec1.exe,windowsserver2003-kb3046482-x64-enu_c97987b66e381b56aa3b2f9c3689411d36b7979f.exe"
      },
      {
        "bit": "32",
        "patch": "windowsserver2003-kb3046482-x86-chs_a1e2cbc36a9547ecfd8a303786476f46e4b851d6.exe,windowsserver2003-kb3046482-x86-enu_4b9c72780391b90545268469ee9644a2cd53e44b.exe"
      }
    ]
  },
  {
    "KBID": "KB3035132",
    "details": [
      {
        "bit": "64",
        "patch": "windowsserver2003-kb3035132-x64-chs_568fc794ba9867cbb5a60c7412c9998ea28f7521.exe,windowsserver2003-kb3035132-x64-enu_51004ad52941fa13468ab8cb38ecb58849cc43fc.exe"
      },
      {
        "bit": "32",
        "patch": "windowsserver2003-kb3035132-x86-chs_58398e0e227fc223e406505b4bbee2e5dd76c4fe.exe,windowsserver2003-kb3035132-x86-enu_b738834fbea35a09f54fa1476aa4a4b11824603f.exe"
      }
    ]
  },
  {
    "KBID": "KB3070102",
    "details": [
      {
        "bit": "64",
        "patch": "windowsserver2003-kb3070102-x64-chs_b7d5f75364bb00b6fb9c154909fb196d8a2b2798.exe,windowsserver2003-kb3070102-x64-enu_db74fabc7f1f27d17f4875aa5ccbf86c69228e0c.exe"
      },
      {
        "bit": "32",
        "patch": "windowsserver2003-kb3070102-x86-chs_a5d0468e63587b1f3e2c43a3fa606fe4b39465ae.exe,windowsserver2003-kb3070102-x86-enu_f5780df5bb5680184d429c0e2491cbaa59782eff.exe"
      }
    ]
  },
  {
    "KBID": "KB4024402",
    "details": [
      {
        "bit": "32",
        "patch": "windowsserver2003-kb4024402-x86-custom-chs_084caa7adbc0a64d5448ebdb0498a3e41a0c2730.exe,windowsserver2003-kb4024402-x86-custom-enu_74a9cf4a96375d9cd25bec3f445c688909df504c.exe"
      },
      {
        "bit": "64",
        "patch": "windowsserver2003-kb4024402-x64-custom-chs_8db0827ac4763aae8904270fafe9830330aa6007.exe,windowsserver2003-kb4024402-x64-custom-enu_fa6e1192eeeb28b9b35cf0c7358008c772224691.exe"
      }
    ]
  },
  {
    "KBID": "KB2923392",
    "details": [
      {
        "bit": "32",
        "patch": "windowsserver2003-kb2923392-x86-chs_e061ee33c1b98ed542563658843348aefa228467.exe,windowsserver2003-kb2923392-x86-enu_48844daf9770146e1e754217637e2c815fe8ebff.exe"
      },
      {
        "bit": "64",
        "patch": "windowsserver2003.windowsxp-kb2923392-x64-chs_2da33f49fbbbf95995fcf3679dd4562ad9265a6a.exe,windowsserver2003.windowsxp-kb2923392-x64-enu_e8c112f083edc5bc9319ce8fb016cbd92b9807a3.exe"
      }
    ]
  },
  {
    "KBID": "KB2957503",
    "details": [
      {
        "bit": "64",
        "patch": "windowsserver2003-kb2957503-x64-chs_56ed812e84267b5d87fccc1d6b2894704e947931.exe,windowsserver2003-kb2957503-x64-enu_c21ec2dd0c1288d4e95cb043aeef2c7c21edeefe.exe"
      },
      {
        "bit": "32",
        "patch": "windowsserver2003-kb2957503-x86-chs_402e9a66c29b43776ef485da9a76e19f54f392cb.exe,windowsserver2003-kb2957503-x86-enu_4562206e7e2ea9b0d8786f6dc2fd38a8e738021f.exe"
      }
    ]
  },
  {
    "KBID": "KB2893294",
    "details": [
      {
        "bit": "32",
        "patch": "windowsserver2003-kb2893294-x86-chs_fcaf593f3a9a3a087326634d0a179d700a22c845.exe,windowsserver2003-kb2893294-x86-enu_66af7c56915fa7859494dab7da995c6407e9da24.exe"
      },
      {
        "bit": "64",
        "patch": "windowsserver2003.windowsxp-kb2893294-x64-chs_8454a441ce381eb67ff95a0aa3f47d67ce7dab84.exe,windowsserver2003.windowsxp-kb2893294-x64-enu_25ad5a20170b2ca965771c01a8c1e4dc55f3309b.exe"
      }
    ]
  },
  {
    "KBID": "KB2922229",
    "details": [
      {
        "bit": "64",
        "patch": "windowsserver2003.windowsxp-kb2922229-x64-chs_863e990633d0fb78da3b8838963193e4632fe5b9.exe,windowsserver2003.windowsxp-kb2922229-x64-enu_aee913d8044377d0ed06256dd9baa628af4bd16d.exe"
      },
      {
        "bit": "32",
        "patch": "windowsserver2003-kb2922229-x86-chs_8bb6c902d9e8b02c7eb90d1c5effc183f65df669.exe,windowsserver2003-kb2922229-x86-enu_b760cad1ee5e53776aa5f58302a6e5f6e90756a1.exe"
      }
    ]
  },
  {
    "KBID": "KB3077657",
    "details": [
      {
        "bit": "64",
        "patch": "windowsserver2003-kb3077657-x64-chs_3996e3e33a2aa5fcbec56721eec7e19dd0b5f942.exe,windowsserver2003-kb3077657-x64-enu_efc58caa142f8d8622bb7cbdc05947304e36793e.exe"
      },
      {
        "bit": "32",
        "patch": "windowsserver2003-kb3077657-x86-chs_f12776533435711ccbbab45a9cd94dd8079c5fad.exe,windowsserver2003-kb3077657-x86-enu_cb7a027964352efd004b82d32cbe4ef82520a776.exe"
      }
    ]
  },
  {
    "KBID": "KB3069392",
    "details": [
      {
        "bit": "64",
        "patch": "windowsserver2003-kb3069392-x64-chs_48af4122b15a405d9b26a075d436abf89670a624.exe,windowsserver2003-kb3069392-x64-enu_568a9de53fd73f44f476e02e91771b995e31d731.exe"
      },
      {
        "bit": "32",
        "patch": "windowsserver2003-kb3069392-x86-chs_0ebcdd9b16317e023bb1dfbc3ee6dc5ba8963ca7.exe,windowsserver2003-kb3069392-x86-enu_ea9665d41b3398324609610d60cf5d0f33d4f604.exe"
      }
    ]
  },
  {
    "KBID": "KB2957509",
    "details": [
      {
        "bit": "32",
        "patch": "windowsserver2003-kb2957509-x86-chs_6ea562a2ce5b608de4a74f3065760f4b372ac46a.exe,windowsserver2003-kb2957509-x86-enu_7754d1c80b4a1de9f53da1d63b73016fb74e0c73.exe"
      },
      {
        "bit": "64",
        "patch": "windowsserver2003-kb2957509-x64-chs_bae5c1f457a843d96413bef21515eaf731bca118.exe,windowsserver2003-kb2957509-x64-enu_7bc297a0d1293a23ba181f289d72cdb8f6a7611f.exe"
      }
    ]
  },
  {
    "KBID": "KB3004361",
    "details": [
      {
        "bit": "64",
        "patch": "windowsserver2003-kb3004361-x64-chs_e262731d940f3ce1aee5c00619252fd6049de47e.exe,windowsserver2003-kb3004361-x64-enu_7c863cd5a4973c9fa17f49cf6c76b97936ca0334.exe"
      },
      {
        "bit": "32",
        "patch": "windowsserver2003-kb3004361-x86-chs_99d472c46639d222cda71f46a7c11bb21b85c3dd.exe,windowsserver2003-kb3004361-x86-enu_82711f3b6c8a9983eff86b9aee1e85ed0c2049b2.exe"
      }
    ]
  },
  {
    "KBID": "KB3072633",
    "details": [
      {
        "bit": "64",
        "patch": "windowsserver2003-kb3072633-x64-chs_91f402f0a847fa19ce22a64953b5cd4b36b62a8f.exe,windowsserver2003-kb3072633-x64-enu_e3bee4ea9cab584b77067f26e4aeed5428436327.exe"
      },
      {
        "bit": "32",
        "patch": "windowsserver2003-kb3072633-x86-chs_7a779c5142b436343ac285cf018ec8e3f6504a2d.exe,windowsserver2003-kb3072633-x86-enu_d85ff98cc1d9cc78a4fdde77821bb254e157e257.exe"
      }
    ]
  },
  {
    "KBID": "KB4019204",
    "details": [
      {
        "bit": "64",
        "patch": "windowsserver2003-kb4019204-x64-custom-chs_094390ad4741cd40182d95d8aea22f30c5cdea4d.exe,windowsserver2003-kb4019204-x64-custom-enu_3eec1c1206737c36f6b3dae8ccde4b5de26e01a0.exe"
      },
      {
        "bit": "32",
        "patch": "windowsserver2003-kb4019204-x86-custom-chs_a22afd36168046ad3e3e8a568f0ed9979e56dc15.exe,windowsserver2003-kb4019204-x86-custom-enu_140263da29ae500e659b25871d62b267dc3785e2.exe"
      }
    ]
  },
  {
    "KBID": "KB3033889",
    "details": [
      {
        "bit": "64",
        "patch": "windowsserver2003-kb3033889-x64-chs_7fa23770100d9638e850352e9c59c4074bd5ab1e.exe,windowsserver2003-kb3033889-x64-enu_012554866eaeb0ee853cd578cf2a17a30a73eaac.exe"
      },
      {
        "bit": "32",
        "patch": "windowsserver2003-kb3033889-x86-chs_0a4326028c6eb446079907e60814353940e8fd71.exe,windowsserver2003-kb3033889-x86-enu_2236e727fd3d5505fb7af6073a9a56ee45916acb.exe"
      }
    ]
  }
]