[
  {
    "KBID": "KB3039066",
    "details": [
      {
        "bit": "32",
        "patch": "windowsserver2003-kb3039066-x86-chs_d8ace02272f271728d6150376e01661502a183b4.exe,windowsserver2003-kb3039066-x86-enu_6bda4fe99b3a77e3120bab7c3f2ea6a38275516d.exe"
      },
      {
        "bit": "64",
        "patch": "windowsserver2003-kb3039066-x64-chs_32526987738db4443a844c9d09aa83a855462482.exe,windowsserver2003-kb3039066-x64-enu_d7ed94b5bbf26214d4d3eaf5924b191331200c64.exe"
      }
    ]
  },
  {
    "KBID": "KB3013455",
    "details": [
      {
        "bit": "64",
        "patch": "windowsserver2003-kb3013455-x64-chs_0c9c5d95b993128dcd34ca701632ac0d3eeef3c0.exe,windowsserver2003-kb3013455-x64-enu_b6ae6cab5bda0fefe3ca782bfda77deb108ea625.exe"
      },
      {
        "bit": "32",
        "patch": "windowsserver2003-kb3013455-x86-chs_f1efc4c1069562a04aeb3ed7be36f11f7b4d5c00.exe,windowsserver2003-kb3013455-x86-enu_e4d2fc9596b75d492f04e923383ef0c048e5be3a.exe"
      }
    ]
  }
]