[
  {
    "KBID": "KB3126587",
    "details": [
      {
        "bit": "64",
        "patch": "windows6.1-kb3126587-x64_a9c28babef00f427021b566bdc4d3adbb07deb9e.msu"
      }
    ]
  },
  {
    "KBID": "KB4457145",
    "details": [
      {
        "bit": "64",
        "patch": "windows6.1-kb4457145-x64_b9404d9790106da7b6ee732a406f9d15a1b5242e.msu"
      }
    ]
  },
  {
    "KBID": "KB2973201",
    "details": [
      {
        "bit": "64",
        "patch": "windows6.1-kb2973201-x64_15cd6f4d6651b3afefa3c000263b8f4b8532f79f.msu"
      }
    ]
  },
  {
    "KBID": "KB3086255",
    "details": [
      {
        "bit": "64",
        "patch": "windows6.1-kb3086255-x64_cc45ada905486ae2545da1aa346aa4ee68b74bb4.msu"
      }
    ]
  },
  {
    "KBID": "KB3045685",
    "details": [
      {
        "bit": "64",
        "patch": "windows6.1-kb3045685-x64_c43565170f9830aaa10a790d0c13122a75e8172c.msu"
      }
    ]
  },
  {
    "KBID": "KB3205394",
    "details": [
      {
        "bit": "64",
        "patch": "windows6.1-kb3205394-x64_71d0c657d24bc852f074996c32987fb936c07774.msu"
      }
    ]
  },
  {
    "KBID": "KB4093108",
    "details": [
      {
        "bit": "64",
        "patch": "windows6.1-kb4093108-x64_fe804365f849cc61b133fda1efae299c534b830f.msu"
      }
    ]
  },
  {
    "KBID": "KB4100480",
    "details": [
      {
        "bit": "64",
        "patch": "windows6.1-kb4100480-x64_8ee0dd707a58fb4fd089c4ac9e8c66403fce4421.msu"
      }
    ]
  },
  {
    "KBID": "KB4012212",
    "details": [
      {
        "bit": "64",
        "patch": "windows6.1-kb4012212-x64_2decefaa02e2058dcd965702509a992d8c4e92b3.msu"
      }
    ]
  },
  {
    "KBID": "KB3192391",
    "details": [
      {
        "bit": "64",
        "patch": "windows6.1-kb3192391-x64_8acd94d8d268a6507c2852b0d9917f4ae1349b6c.msu"
      }
    ]
  },
  {
    "KBID": "KB3197867",
    "details": [
      {
        "bit": "64",
        "patch": "windows6.1-kb3197867-x64_6f8f45a5706eeee8ac05aa16fa91c984a9edb929.msu"
      }
    ]
  },
  {
    "KBID": "KB4054521",
    "details": [
      {
        "bit": "64",
        "patch": "windows6.1-kb4054521-x64_8db86e8518b1254d044f9633a205ec1077a29cd9.msu"
      }
    ]
  }
]