[
  {
    "KBID": "KB4034745",
    "details": [
      {
        "bit": "32",
        "patch": "windows6.0-kb4034745-x86_b5f696217b5ab1f34978975f2f2194b239237dcb.msu"
      },
      {
        "bit": "64",
        "patch": "windows6.0-kb4034745-x64_666a717fab184bfd178888133cf918f91f31c442.msu"
      }
    ]
  },
  {
    "KBID": "KB4291391",
    "details": [
      {
        "bit": "32",
        "patch": "windows6.0-kb4291391-x86_8fdb022f0374ef0dac67150280beaff67822957e.msu"
      },
      {
        "bit": "64",
        "patch": "windows6.0-kb4291391-x64_8fd1761643678688c069d6673a4029111ba4462d.msu"
      }
    ]
  },
  {
    "KBID": "KB4130944",
    "details": [
      {
        "bit": "64",
        "patch": "windows6.0-kb4130944-x64_b8db6c85509ab85e13f523cb884c8e7c2ebec842.msu"
      },
      {
        "bit": "32",
        "patch": "windows6.0-kb4130944-x86_3bf1959e1c70d8cdff203e7d75001bae0e4efb5f.msu"
      }
    ]
  },
  {
    "KBID": "KB4022010",
    "details": [
      {
        "bit": "64",
        "patch": "windows6.0-kb4022010-x86_5bb6f159de617015165280492594cdef5f3d1a16.msu"
      },
      {
        "bit": "64",
        "patch": "windows6.0-kb4022010-x64_c745ea2abc09ba1d4ecf27fd26ff1e96e3f76f5d.msu"
      }
    ]
  },
  {
    "KBID": "KB4093224",
    "details": [
      {
        "bit": "64",
        "patch": "windows6.0-kb4093224-x86_7e26be41bc00c9f5e237ea4e7a7dcfa5e849adc8.msu"
      },
      {
        "bit": "64",
        "patch": "windows6.0-kb4093224-x64_6ddc083329dc5e3abc3394a76dce131e3e7a6c66.msu"
      }
    ]
  },
  {
    "KBID": "KB4089175",
    "details": [
      {
        "bit": "64",
        "patch": "windows6.0-kb4089175-x64_8b5ec4b1148c5d618f5003d9055c7a805605533a.msu"
      },
      {
        "bit": "32",
        "patch": "windows6.0-kb4089175-x86_dc4bb74370db31f31c2d4cc5464f31692caa6383.msu"
      }
    ]
  },
  {
    "KBID": "KB4012021",
    "details": [
      {
        "bit": "64",
        "patch": "windows6.0-kb4012021-x86_266d72870fe4ac9ed0c4894426c581e2b8772f2e.msu"
      },
      {
        "bit": "64",
        "patch": "windows6.0-kb4012021-x64_651185596d580b5df86fffe44a1c6c4ab93d1454.msu"
      }
    ]
  },
  {
    "KBID": "KB4039038",
    "details": [
      {
        "bit": "64",
        "patch": "windows6.0-kb4039038-x86_8601160898d5e7c6cd20305a73698f3a59a7756c.msu"
      },
      {
        "bit": "64",
        "patch": "windows6.0-kb4039038-x64_af469e3ff72ef6b6a4fa5c86086ab2a00f10d172.msu"
      }
    ]
  },
  {
    "KBID": "KB4512491",
    "details": [
      {
        "bit": "64",
        "patch": "windows6.0-kb4512491-x86_b02700de4249c3ca1b94b151092c12c4ed322f54.msu"
      },
      {
        "bit": "64",
        "patch": "windows6.0-kb4512491-x64_86ad7f4b8a04a233c896e04b93be0c987ef5c06c.msu"
      }
    ]
  },
  {
    "KBID": "KB4520009",
    "details": [
      {
        "bit": "64",
        "patch": "windows6.0-kb4520009-x86_c0d159e67ad1ac18296bb1c9747715bc8b7cfbba.msu"
      },
      {
        "bit": "64",
        "patch": "windows6.0-kb4520009-x64_a34daed266bdabd48c72687b14ad72935d93fe33.msu"
      }
    ]
  },
  {
    "KBID": "KB4022750",
    "details": [
      {
        "bit": "32",
        "patch": "windows6.0-kb4022750-x86_3b7364df3f201c24647053293308fee7939a2891.msu"
      },
      {
        "bit": "64",
        "patch": "windows6.0-kb4022750-x64_f8ae8ca837317b484ad6f5cb121d21b04fdbeaca.msu"
      }
    ]
  },
  {
    "KBID": "KB4034786",
    "details": [
      {
        "bit": "64",
        "patch": "windows6.0-kb4034786-x86_85b14551ec11608e44639db97ede801f59bbaf43.msu"
      },
      {
        "bit": "64",
        "patch": "windows6.0-kb4034786-x64_f5b1c4765f41441c44f8922927c20a516a8f15e8.msu"
      }
    ]
  },
  {
    "KBID": "KB4014652",
    "details": [
      {
        "bit": "32",
        "patch": "windows6.0-kb4014652-x86_37254fb587227853daa53f80d905e24f8e1a7534.msu"
      },
      {
        "bit": "64",
        "patch": "windows6.0-kb4014652-x64_0485a5abfeb84f7e1a12109f61e08509e5f696c2.msu"
      }
    ]
  },
  {
    "KBID": "KB4516051",
    "details": [
      {
        "bit": "64",
        "patch": "windows6.0-kb4516051-x86_97662e814ff29c7ec378e7289b69012de77a650d.msu"
      },
      {
        "bit": "64",
        "patch": "windows6.0-kb4516051-x64_f61f6a16bdf251b2afb1e1f25343d9ebc5234754.msu"
      }
    ]
  },
  {
    "KBID": "KB4467706",
    "details": [
      {
        "bit": "64",
        "patch": "windows6.0-kb4467706-x64_e6e0404a4546d42f6e799d5e4cd5e6a5b3946c68.msu"
      },
      {
        "bit": "32",
        "patch": "windows6.0-kb4467706-x86_f2436e4724c860bfbe5ecce1ff4067b56215eb19.msu"
      }
    ]
  },
  {
    "KBID": "KB4467700",
    "details": [
      {
        "bit": "64",
        "patch": "windows6.0-kb4467700-x64_63fe45d11e75786dc6233549b1a7e3808874abb6.msu"
      },
      {
        "bit": "32",
        "patch": "windows6.0-kb4467700-x86_033a35434b774893032253c361c7092de78b53e9.msu"
      }
    ]
  },
  {
    "KBID": "KB3217841",
    "details": [
      {
        "bit": "64",
        "patch": "windows6.0-kb3217841-x64_e4e7fcf639cd9f1047587cf9c0c465cde14725bb.msu"
      }
    ]
  },
  {
    "KBID": "KB3196718",
    "details": [
      {
        "bit": "64",
        "patch": "windows6.0-kb3196718-x86_99f484045c4ec36128356d9f486a6ff9efc6ba2b.msu"
      },
      {
        "bit": "64",
        "patch": "windows6.0-kb3196718-x64_e819ca04186032484179be78ad0863128f922208.msu"
      }
    ]
  },
  {
    "KBID": "KB4026059",
    "details": [
      {
        "bit": "32",
        "patch": "windows6.0-kb4026059-x86_8ecfde053db96454e23516b0a968b1102f80b387.msu"
      },
      {
        "bit": "64",
        "patch": "windows6.0-kb4026059-x64_820075dab16ceba8324c3c5bb8438963bc3472b3.msu"
      }
    ]
  },
  {
    "KBID": "KB3217587",
    "details": [
      {
        "bit": "32",
        "patch": "windows6.0-kb3217587-x86_a1f2485d2b84ace3430e7e022d95e39d282e2b04.msu"
      },
      {
        "bit": "64",
        "patch": "windows6.0-kb3217587-x64_7220e10dc82e7c1e685e1342f09d4487febe32ff.msu"
      }
    ]
  },
  {
    "KBID": "KB4042050",
    "details": [
      {
        "bit": "32",
        "patch": "windows6.0-kb4042050-x86_20091acaca23d21d0ffd1ba7bcebaa4e07bce60c.msu"
      },
      {
        "bit": "64",
        "patch": "windows6.0-kb4042050-x64_81be8e8cf2c57f2838f16c0ffe8c014aad2ebcd0.msu"
      }
    ]
  },
  {
    "KBID": "KB3133043",
    "details": [
      {
        "bit": "64",
        "patch": "windows6.0-kb3133043-x86_ec383824516669b8d277521499fb547510583608.msu"
      },
      {
        "bit": "64",
        "patch": "windows6.0-kb3133043-x64_5b5483f7a60b9b2e3b8ff0aa5ad440e0d68b3eb3.msu"
      }
    ]
  },
  {
    "KBID": "KB4025409",
    "details": [
      {
        "bit": "32",
        "patch": "windows6.0-kb4025409-x86_d79dbae5b81520fd24acfec4917759d97ee43e48.msu"
      },
      {
        "bit": "64",
        "patch": "windows6.0-kb4025409-x64_d7a640d6d0e3039c4ed26b8de56a75150227cc0c.msu"
      }
    ]
  },
  {
    "KBID": "KB3109103",
    "details": [
      {
        "bit": "64",
        "patch": "windows6.0-kb3109103-x86_193c96e23cd6939c822d0f51ddc1b5d3a369821e.msu"
      },
      {
        "bit": "64",
        "patch": "windows6.0-kb3109103-x64_92a49aa461dbe398f8eaf1a8df7572903c59a6f5.msu"
      }
    ]
  },
  {
    "KBID": "KB4035679",
    "details": [
      {
        "bit": "32",
        "patch": "windows6.0-kb4035679-x86_14d26c481d53164d7795958f05804f7c146cfd2b.msu"
      },
      {
        "bit": "64",
        "patch": "windows6.0-kb4035679-x64_20c26ab44c7953983a77aeb8215fd718697ae7bb.msu"
      }
    ]
  },
  {
    "KBID": "KB4094079",
    "details": [
      {
        "bit": "64",
        "patch": "windows6.0-kb4094079-x64_a95e963d66ca4401bc5ec30f402cec24f16c7329.msu"
      }
    ]
  },
  {
    "KBID": "KB4025398",
    "details": [
      {
        "bit": "32",
        "patch": "windows6.0-kb4025398-x86_cd3b4f1b12a2ee6b93c828b434b7792023503308.msu"
      },
      {
        "bit": "64",
        "patch": "windows6.0-kb4025398-x64_23e59b080a75a6d1cbb83a9871ccea00f1febf5e.msu"
      }
    ]
  },
  {
    "KBID": "KB3110329",
    "details": [
      {
        "bit": "64",
        "patch": "windows6.0-kb3110329-x86_bea2ea482f3ddceda3d2960e726a993d9c1fe5e5.msu"
      },
      {
        "bit": "64",
        "patch": "windows6.0-kb3110329-x64_bd544c1f53217ef0f34f52aafc630f6fb436ba82.msu"
      }
    ]
  },
  {
    "KBID": "KB4018106",
    "details": [
      {
        "bit": "32",
        "patch": "windows6.0-kb4018106-x86_6b74e9bcf693d6fe8457db2acd3262bbc78c7c90.msu"
      },
      {
        "bit": "64",
        "patch": "windows6.0-kb4018106-x64_bad209edc6e4ca1de63e2ab461033f9630d32eb4.msu"
      }
    ]
  },
  {
    "KBID": "KB3161949",
    "details": [
      {
        "bit": "64",
        "patch": "windows6.0-kb3161949-x86_45c230d3302716d81e413bd233f953bd6f6f1f09.msu"
      },
      {
        "bit": "64",
        "patch": "windows6.0-kb3161949-x64_e60f107f4f893c19885931b3c6121fddf1150e52.msu"
      }
    ]
  },
  {
    "KBID": "KB3185911",
    "details": [
      {
        "bit": "32",
        "patch": "windows6.0-kb3185911-x86_2e8f1048893ba89b73be7bb0a3ee664fdfee6a14.msu"
      },
      {
        "bit": "64",
        "patch": "windows6.0-kb3185911-x64_b3edd2f8de09e7451767ee73658ec54b394228c3.msu"
      }
    ]
  },
  {
    "KBID": "KB4018927",
    "details": [
      {
        "bit": "32",
        "patch": "windows6.0-kb4018927-x86_20e9c85c9802777cf36fee0fdda32a3c00c37a30.msu"
      },
      {
        "bit": "64",
        "patch": "windows6.0-kb4018927-x64_5ea789d60fe935c4cbbb9a8bdeb3b05e51e3928b.msu"
      }
    ]
  },
  {
    "KBID": "KB3126041",
    "details": [
      {
        "bit": "64",
        "patch": "windows6.0-kb3126041-x86_a5b67616943863e3d150dafa86161af742e01b8f.msu"
      },
      {
        "bit": "64",
        "patch": "windows6.0-kb3126041-x64_9b737e960b7abdb32fc9eb9a3624af2adbbc4c5e.msu"
      }
    ]
  },
  {
    "KBID": "KB4025397",
    "details": [
      {
        "bit": "32",
        "patch": "windows6.0-kb4025397-x86_dbc5e55f13b344076fde773b846b3bba00a3fa85.msu"
      },
      {
        "bit": "64",
        "patch": "windows6.0-kb4025397-x64_ce2c800211593cea656ef276f3862e3243cae67a.msu"
      }
    ]
  },
  {
    "KBID": "KB4022748",
    "details": [
      {
        "bit": "32",
        "patch": "windows6.0-kb4022748-x86_07ecdceec539b1d35df95b9d4a688d057fa941a5.msu"
      },
      {
        "bit": "64",
        "patch": "windows6.0-kb4022748-x64_33789c206520eb75a2ffcf5f9eaf36113c515bf8.msu"
      }
    ]
  },
  {
    "KBID": "KB4012583",
    "details": [
      {
        "bit": "32",
        "patch": "windows6.0-kb4012583-x86_1887cb5393b62cbd2dbb6a6ff6b136e809a2fbd0.msu"
      },
      {
        "bit": "64",
        "patch": "windows6.0-kb4012583-x64_f63c9a85aa877d86c886e432560fdcfad53b752d.msu"
      }
    ]
  },
  {
    "KBID": "KB3141083",
    "details": [
      {
        "bit": "32",
        "patch": "windows6.0-kb3141083-x86_2b6237f5d7b64b1bff08be6d84885f7ac11233a5.msu"
      },
      {
        "bit": "64",
        "patch": "windows6.0-kb3141083-x64_cf4311f5db8cfdca064695939ee312f047f183d5.msu"
      }
    ]
  },
  {
    "KBID": "KB4130956",
    "details": [
      {
        "bit": "32",
        "patch": "windows6.0-kb4130956-x86_84d006939df170e7cd60969690210042e613a21c.msu"
      },
      {
        "bit": "64",
        "patch": "windows6.0-kb4130956-x64_edb9fc06f09233567581a28d7c9ddcb69402e72d.msu"
      }
    ]
  },
  {
    "KBID": "KB4022884",
    "details": [
      {
        "bit": "32",
        "patch": "windows6.0-kb4022884-x86_c66156727c64c25e791e6e935a5ddbfc3337c34c.msu"
      },
      {
        "bit": "64",
        "patch": "windows6.0-kb4022884-x64_dcc222630e0b401ac0e5d7db91d60d2343724a49.msu"
      }
    ]
  },
  {
    "KBID": "KB4032201",
    "details": [
      {
        "bit": "32",
        "patch": "windows6.0-kb4032201-x86_99923b6ef2a57a1b0ec8bf45431b787dfa96f08c.msu"
      },
      {
        "bit": "64",
        "patch": "windows6.0-kb4032201-x64_739ab0dafb0db0c6ce28453a94e9eb0496329f95.msu"
      }
    ]
  },
  {
    "KBID": "KB4047211",
    "details": [
      {
        "bit": "32",
        "patch": "windows6.0-kb4047211-x86_d7a87a139455c7c6af3db52bef38ea9eb84d27ed.msu"
      },
      {
        "bit": "64",
        "patch": "windows6.0-kb4047211-x64_52f64967043c738557dd0140ad0fa50498164e3e.msu"
      }
    ]
  },
  {
    "KBID": "KB4042723",
    "details": [
      {
        "bit": "32",
        "patch": "windows6.0-kb4042723-x86_7a3a4418ef6d294bc6f327f1c909ac232a354d7a.msu"
      },
      {
        "bit": "64",
        "patch": "windows6.0-kb4042723-x64_31f3bb67c56d9e8fd1db20bcb36aab6326533b08.msu"
      }
    ]
  },
  {
    "KBID": "KB4134651",
    "details": [
      {
        "bit": "64",
        "patch": "windows6.0-kb4134651-x64_55bd8538e452db8fd330a88666e13151f5de8334.msu,mpsyschk_dffb044e3deb852fb59739940b8d05de860a7a58.exe"
      },
      {
        "bit": "32",
        "patch": "windows6.0-kb4134651-x86_c3102bedca9f6d9c1ea29732f8b2d832355e01e9.msu,mpsyschk_34b80b1b339e212b13c8502cba9a1480dc8fb353.exe"
      }
    ]
  },
  {
    "KBID": "KB4489876",
    "details": [
      {
        "bit": "64",
        "patch": "windows6.0-kb4489876-x64_cde809a09bdb924717e24e3ed3bbfa0d08d68ae8.msu"
      },
      {
        "bit": "32",
        "patch": "windows6.0-kb4489876-x86_a514477278381a775a276e0eed37bda0cb2a1e68.msu"
      }
    ]
  },
  {
    "KBID": "KB3159398",
    "details": [
      {
        "bit": "32",
        "patch": "windows6.0-kb3159398-x86_70cfea352ccd8511648f1e3c3dad1a4d58e7bb1f.msu"
      },
      {
        "bit": "64",
        "patch": "windows6.0-kb3159398-x64_f004ddaf674fe52277ca6d66e31126501505d887.msu"
      }
    ]
  },
  {
    "KBID": "KB4091756",
    "details": [
      {
        "bit": "32",
        "patch": "windows6.0-kb4091756-x86_0bedf35f5bac779de3df9f27089f1367e549f98f.msu"
      },
      {
        "bit": "64",
        "patch": "windows6.0-kb4091756-x64_145f7d7b66db576aff928883f4aff0dc1d142492.msu"
      }
    ]
  },
  {
    "KBID": "KB4338380",
    "details": [
      {
        "bit": "32",
        "patch": "windows6.0-kb4338380-x86_3e111e05309d405b3261f0f0e99dc2fdedc48559.msu"
      },
      {
        "bit": "64",
        "patch": "windows6.0-kb4338380-x64_58f8fa02253a3665b37a21f6eb28dc099a177fab.msu"
      }
    ]
  },
  {
    "KBID": "KB4022746",
    "details": [
      {
        "bit": "32",
        "patch": "windows6.0-kb4022746-x86_5c671f5f6de3cbeb97f29875618b1ceb6cb9ba73.msu"
      },
      {
        "bit": "64",
        "patch": "windows6.0-kb4022746-x64_fd952a1ca1643a04f2bd8b3aa678e703e108c0e4.msu"
      }
    ]
  },
  {
    "KBID": "KB4034744",
    "details": [
      {
        "bit": "32",
        "patch": "windows6.0-kb4034744-x86_3a5cac4928be90833e4a18e7f265fc149dacb701.msu"
      },
      {
        "bit": "64",
        "patch": "windows6.0-kb4034744-x64_58643b54cb875024562f8d7042b13a88c302b1ce.msu"
      }
    ]
  },
  {
    "KBID": "KB3139398",
    "details": [
      {
        "bit": "64",
        "patch": "windows6.0-kb3139398-x86_ae7dd783eba4be7029dbeeb60958b2b394a3ccb8.msu"
      },
      {
        "bit": "64",
        "patch": "windows6.0-kb3139398-x64_0bee27ee3b8f130ce31d292ba706461236dbec04.msu"
      }
    ]
  },
  {
    "KBID": "KB4101477",
    "details": [
      {
        "bit": "32",
        "patch": "windows6.0-kb4101477-x86_198a8a3e0cfc2625b75c030a5168e4327e861c08.msu"
      },
      {
        "bit": "64",
        "patch": "windows6.0-kb4101477-x64_0680759bce3dfb5c9f4a9cc0386a1b70f2f929b8.msu"
      }
    ]
  },
  {
    "KBID": "KB4458010",
    "details": [
      {
        "bit": "32",
        "patch": "windows6.0-kb4458010-x86_16e0d50f07e3d013e40ce02dd164c4d0b28fa9a8.msu"
      },
      {
        "bit": "64",
        "patch": "windows6.0-kb4458010-x64_a602ed3fbe23d18199c71bc8baeed817ceca365a.msu"
      }
    ]
  },
  {
    "KBID": "KB3205638",
    "details": [
      {
        "bit": "32",
        "patch": "windows6.0-kb3205638-x86_e2211e9a6523061972decd158980301fc4c32a47.msu"
      },
      {
        "bit": "64",
        "patch": "windows6.0-kb3205638-x64_a52aaa009ee56ca941e21a6009c00bc4c88cbb7c.msu"
      }
    ]
  },
  {
    "KBID": "KB4457984",
    "details": [
      {
        "bit": "32",
        "patch": "windows6.0-kb4457984-x86_bc4cbeaf980788f3a35554b2a51a6f7becd0ccd5.msu"
      },
      {
        "bit": "64",
        "patch": "windows6.0-kb4457984-x64_babdb9dca20a267d1fe10bc770e4722ebf6c14a2.msu"
      }
    ]
  },
  {
    "KBID": "KB4056942",
    "details": [
      {
        "bit": "32",
        "patch": "windows6.0-kb4056942-x86_05ce724b74f2f73a8814409001d02dfbf0f7e91c.msu"
      },
      {
        "bit": "64",
        "patch": "windows6.0-kb4056942-x64_7fc0413bc5b4c22a95f971fbbc1635e3f4f7283d.msu"
      }
    ]
  },
  {
    "KBID": "KB4052303",
    "details": [
      {
        "bit": "64",
        "patch": "windows6.0-kb4052303-x64_a7e2eef99e0bdf69eea850689acd8d590f9b339f.msu"
      },
      {
        "bit": "32",
        "patch": "windows6.0-kb4052303-x86_db04c6c78547402ea77df8f66838ea9b8aaa47e6.msu"
      }
    ]
  },
  {
    "KBID": "KB4012584",
    "details": [
      {
        "bit": "32",
        "patch": "windows6.0-kb4012584-x86_87ce4ee028fe72345f36ff6ea7bbb710bb09da06.msu"
      },
      {
        "bit": "64",
        "patch": "windows6.0-kb4012584-x64_a6ea0faba565892f105c5710710b11bd5885c016.msu"
      }
    ]
  },
  {
    "KBID": "KB4022008",
    "details": [
      {
        "bit": "32",
        "patch": "windows6.0-kb4022008-x86_bb263734192b135958e8aec3a0ce0ca36e37969f.msu"
      },
      {
        "bit": "64",
        "patch": "windows6.0-kb4022008-x64_01d480bad368e7c385b5d9836f51962f5446506c.msu"
      }
    ]
  },
  {
    "KBID": "KB4345397",
    "details": [
      {
        "bit": "64",
        "patch": "windows6.0-kb4345397-x64_86fb667a7b88a4428fbf6d52abe969ed4a353522.msu"
      },
      {
        "bit": "32",
        "patch": "windows6.0-kb4345397-x86_3c0431ccf7207d977c2134afcac75505614699b3.msu"
      }
    ]
  },
  {
    "KBID": "KB4025872",
    "details": [
      {
        "bit": "32",
        "patch": "windows6.0-kb4025872-x86_9f55d6122d08be79ddc9013a15f187822782ad03.msu"
      },
      {
        "bit": "64",
        "patch": "windows6.0-kb4025872-x64_887f756e180e8331fd7e260c9cebf426a3b985aa.msu"
      }
    ]
  },
  {
    "KBID": "KB4341832",
    "details": [
      {
        "bit": "32",
        "patch": "mpsyschk_d28ead506cc45cc9669600bfa1b8d5952593d608.exe,windows6.0-kb4341832-x86_5a2582dfb451699e16642c048174b01cfdb5bf51.msu"
      },
      {
        "bit": "64",
        "patch": "windows6.0-kb4341832-x64_47639853bd12f2a9e8cb5103600736f8e502c881.msu,mpsyschk_5aacd33fdad6b06bf72e3a1594a8e7c44fd7a1df.exe"
      }
    ]
  },
  {
    "KBID": "KB4230467",
    "details": [
      {
        "bit": "32",
        "patch": "windows6.0-kb4230467-x86_4d88b78645a5d6e2c0526bb576107f4d8a389490.msu,mpsyschk_5bcd132e2f78b13b6ed050f9a729b51cd530d514.exe"
      },
      {
        "bit": "64",
        "patch": "windows6.0-kb4230467-x64_5fc95bfa8cb0d275ce49d7d220ba14fc6f34bbe5.msu,mpsyschk_201425920be6c60ae9bad0fb38ac3e04b0b783e4.exe"
      }
    ]
  },
  {
    "KBID": "KB4022914",
    "details": [
      {
        "bit": "32",
        "patch": "windows6.0-kb4022914-x86_648979c2afd56860cff7ac67d463d0f1be771cad.msu"
      },
      {
        "bit": "64",
        "patch": "windows6.0-kb4022914-x64_f02c86b0aaced94e2efac4b8d6e8668e9b5f7797.msu"
      }
    ]
  },
  {
    "KBID": "KB4018556",
    "details": [
      {
        "bit": "32",
        "patch": "mpsyschk_e53888c768f0600cd127e05676d8defdaec40455.exe,windows6.0-kb4018556-x86_7766800f74b02a4062e52be4f39b4bb1c17e9849.msu"
      },
      {
        "bit": "64",
        "patch": "windows6.0-kb4018556-x64_4728e8eac4bd21d2f037349a59540ef40888177d.msu,mpsyschk_9b5b6e56e289d26e6301a6bb31a9dff08e8d4dc1.exe"
      }
    ]
  },
  {
    "KBID": "KB3193418",
    "details": [
      {
        "bit": "32",
        "patch": "windows6.0-kb3193418-x86_8bcecda3daec879fd2a71d91e5e5bd66e91741da.msu"
      },
      {
        "bit": "64",
        "patch": "windows6.0-kb3193418-x64_1f1729bb70ef55a5e3570fc271a47e7ea003a1e5.msu"
      }
    ]
  },
  {
    "KBID": "KB3170455",
    "details": [
      {
        "bit": "32",
        "patch": "windows6.0-kb3170455-v2-x86_c62197fd42c7c8981627ba845a8893e8164a2c17.msu"
      },
      {
        "bit": "64",
        "patch": "windows6.0-kb3170455-v2-x64_fba5a0ed9b8f861e1e6f38254b8e50acbc83ef59.msu"
      }
    ]
  },
  {
    "KBID": "KB3217882",
    "details": [
      {
        "bit": "32",
        "patch": "windows6.0-kb3217882-x86_ad17a3df7970499e43156b86b54af89b8ce00d5e.msu"
      },
      {
        "bit": "64",
        "patch": "windows6.0-kb3217882-x64_740ac37a0e626e7e44623dead7d116ecc5d90bb1.msu"
      }
    ]
  },
  {
    "KBID": "KB4503287",
    "details": [
      {
        "bit": "64",
        "patch": "windows6.0-kb4503287-x64_3938da9a2635d2a6f7447e81121a0c91a43c3dd3.msu"
      },
      {
        "bit": "32",
        "patch": "windows6.0-kb4503287-x86_9340ad1c3d474c273eb34ae17cbb288f0b36559e.msu"
      }
    ]
  },
  {
    "KBID": "KB4339503",
    "details": [
      {
        "bit": "32",
        "patch": "windows6.0-kb4339503-x86_4d8674f0824454635d3c4656bf58741eed23f177.msu"
      },
      {
        "bit": "64",
        "patch": "windows6.0-kb4339503-x64_3bb3b2a98b2b838fcee445c0aa95d1ff25e52ef3.msu"
      }
    ]
  },
  {
    "KBID": "KB4039384",
    "details": [
      {
        "bit": "32",
        "patch": "windows6.0-kb4039384-x86_77fa7d2066bddd8126151bd25628eefbb63d7e43.msu"
      },
      {
        "bit": "64",
        "patch": "windows6.0-kb4039384-x64_c4ac7bd4b3b88008f6178c42f180e436924f87a5.msu"
      }
    ]
  },
  {
    "KBID": "KB4018821",
    "details": [
      {
        "bit": "32",
        "patch": "windows6.0-kb4018821-x86_fd7962c2823a878bc2f8ebce54fed2320aa47bb6.msu"
      },
      {
        "bit": "64",
        "patch": "windows6.0-kb4018821-x64_7fc26196e33cadee355be64d64386f180c786dfe.msu"
      }
    ]
  },
  {
    "KBID": "KB4340939",
    "details": [
      {
        "bit": "32",
        "patch": "windows6.0-kb4340939-x86_b88325bf4ac01bad639e163d5e1484dc9f2e13f1.msu"
      },
      {
        "bit": "64",
        "patch": "windows6.0-kb4340939-x64_27b6a52c60ed2845b4f7a8f1c774047407851fad.msu"
      }
    ]
  },
  {
    "KBID": "KB4026061",
    "details": [
      {
        "bit": "32",
        "patch": "windows6.0-kb4026061-x86_3523cbfdc799361663739d38f48c3743ea14edcc.msu"
      },
      {
        "bit": "64",
        "patch": "windows6.0-kb4026061-x64_a14c3cf21355e18dfdc0ce83935e1180aeb2fe89.msu"
      }
    ]
  },
  {
    "KBID": "KB4471319",
    "details": [
      {
        "bit": "32",
        "patch": "windows6.0-kb4471319-x86_173d7b702483765c84afad8465772179095c5b85.msu"
      },
      {
        "bit": "64",
        "patch": "windows6.0-kb4471319-x64_c4bde9ea19def11baa93c7f2a1759a956b017ff6.msu"
      }
    ]
  },
  {
    "KBID": "KB4046184",
    "details": [
      {
        "bit": "32",
        "patch": "windows6.0-kb4046184-x86_cbc4c7668b819a6de63d9fe9e77c96a46d274508.msu"
      },
      {
        "bit": "64",
        "patch": "windows6.0-kb4046184-x64_80bdfe56e5544bbaec451fb7279694777e851a52.msu"
      }
    ]
  },
  {
    "KBID": "KB4089229",
    "details": [
      {
        "bit": "64",
        "patch": "mpsyschk_2455ec3555d341f2d5771f8e55b9faa693596761.exe,windows6.0-kb4089229-x64_3d4dee216fe18e1744f1ce05ea64460017576a94.msu"
      },
      {
        "bit": "32",
        "patch": "windows6.0-kb4089229-x86_5436f8efb0147c3e99f2f9065d040f0274ddfd95.msu,mpsyschk_c58bb20f4092d22125fa086200b21550c69a1eb1.exe"
      }
    ]
  },
  {
    "KBID": "KB4012373",
    "details": [
      {
        "bit": "32",
        "patch": "windows6.0-kb4012373-x86_39c9a931ad5f76087c6e1d99f92dd7e85b81cebb.msu"
      },
      {
        "bit": "64",
        "patch": "windows6.0-kb4012373-x64_7d1351244013ca23b4fae42b1af8244dbd87c96d.msu"
      }
    ]
  },
  {
    "KBID": "KB4042123",
    "details": [
      {
        "bit": "32",
        "patch": "windows6.0-kb4042123-x86_fbd3a01f63a87b8f42dbd89d68f39ae7a844fba8.msu"
      },
      {
        "bit": "64",
        "patch": "windows6.0-kb4042123-x64_d1db70df0fc955d91bd8ecca754171fe05c4b8a0.msu"
      }
    ]
  },
  {
    "KBID": "KB4463104",
    "details": [
      {
        "bit": "64",
        "patch": "windows6.0-kb4463104-x64_760f3388bca385139e87e1bd0ce734994ab8dab4.msu"
      },
      {
        "bit": "32",
        "patch": "windows6.0-kb4463104-x86_269bfb9f5d7b2fece1bd6a1a910d51b6b3d473c9.msu"
      }
    ]
  },
  {
    "KBID": "KB4507461",
    "details": [
      {
        "bit": "32",
        "patch": "windows6.0-kb4507461-x86_92af07c171fbb85317351413a45512c337290cc1.msu"
      },
      {
        "bit": "64",
        "patch": "windows6.0-kb4507461-x64_8205f728005bf9b0202ce470048083530124e1c1.msu"
      }
    ]
  },
  {
    "KBID": "KB4493458",
    "details": [
      {
        "bit": "32",
        "patch": "windows6.0-kb4493458-x86_0147e47ae90fda820711199be6b35720e2e9f00e.msu"
      },
      {
        "bit": "64",
        "patch": "windows6.0-kb4493458-x64_c3627e36e5eeef89c8e98e6a2ffe41f00a76f910.msu"
      }
    ]
  },
  {
    "KBID": "KB4499180",
    "details": [
      {
        "bit": "32",
        "patch": "pcicompatforserialnumber_e13aa189395c0edcdc75c1a165b088e34cf7f57a.exe,windows6.0-kb4499180-x86_058da885ced3478b996f12d1fc40640c3796bdf3.msu"
      },
      {
        "bit": "64",
        "patch": "pcicompatforserialnumber_7b475ef0a8a74e5b245e3c07a270b3f53bbb769a.exe,windows6.0-kb4499180-x64_3d7a9cec11c06caf7a280745eccfa99c2048c4d2.msu"
      }
    ]
  },
  {
    "KBID": "KB4487019",
    "details": [
      {
        "bit": "64",
        "patch": "windows6.0-kb4487019-x64_e1a58e6ea6f10fa0784aa9752d165f5de4091da7.msu"
      },
      {
        "bit": "32",
        "patch": "windows6.0-kb4487019-x86_4125764348e4562c863fb58057981f33e846fa33.msu"
      }
    ]
  }
]