[
  {
    "KBID": "KB3046017",
    "details": [
      {
        "bit": "64",
        "patch": "windows6.0-kb3046017-x86_5861893a0c17321e1c364bf09cf1e74ffa56e916.msu"
      },
      {
        "bit": "64",
        "patch": "windows6.0-kb3046017-x64_61160d19679324b263648f56f35aec5ccd873b43.msu"
      }
    ]
  },
  {
    "KBID": "KB3126587",
    "details": [
      {
        "bit": "64",
        "patch": "mpsyschk_a7a24ee5beb4090adb1977ff01a1de8de66c0189.exe,windows6.0-kb3126587-x86_a73a7820a8210f55b738b6b80ac4e057d52eaa9b.msu"
      },
      {
        "bit": "64",
        "patch": "windows6.0-kb3126587-x64_3b7799fee49d1d5160bb3eb373e322426ed347f7.msu,mpsyschk_1f8fe36f4de800e8c6cca40e8f95a228f39c891a.exe"
      }
    ]
  },
  {
    "KBID": "KB3055642",
    "details": [
      {
        "bit": "64",
        "patch": "windows6.0-kb3055642-x86_6f6c0687c22fbf63c90eab8d84f80f726d983c43.msu"
      },
      {
        "bit": "64",
        "patch": "windows6.0-kb3055642-x64_05fbcc383dfe1e46ed7edf23a9e9b775ee5242ab.msu"
      }
    ]
  },
  {
    "KBID": "KB3072630",
    "details": [
      {
        "bit": "32",
        "patch": "windows6.0-kb3072630-x86_e3274fe422e1c4d5a33a98ae33f0b933df244f0c.msu"
      },
      {
        "bit": "64",
        "patch": "windows6.0-kb3072630-x64_9b1cdb02e13d27451f3b13bdc990a0ff9358f117.msu"
      }
    ]
  },
  {
    "KBID": "KB2998579",
    "details": [
      {
        "bit": "32",
        "patch": "windows6.0-kb2998579-x86_c39c9ff7e79047e1fb035da1e6c5d8ee373e767b.msu"
      },
      {
        "bit": "64",
        "patch": "windows6.0-kb2998579-x64_f503031bc47e25d2b1a0ad5bac2ab6accbf23d1e.msu"
      }
    ]
  },
  {
    "KBID": "KB3092601",
    "details": [
      {
        "bit": "64",
        "patch": "windows6.0-kb3092601-x86_d0c2c28a0d053ac5dc5b6b3e127751a4b762e217.msu"
      },
      {
        "bit": "64",
        "patch": "windows6.0-kb3092601-x64_1f73a807137f90d875ead48b9cc7408dfa20249f.msu"
      }
    ]
  },
  {
    "KBID": "KB3035126",
    "details": [
      {
        "bit": "64",
        "patch": "windows6.0-kb3035126-x86_d82c89c73fe46b2da47d3a7d8a74f736da68cc59.msu"
      },
      {
        "bit": "64",
        "patch": "windows6.0-kb3035126-x64_d579ab02f12c73fc75586a53b014b37706a5cc9b.msu"
      }
    ]
  },
  {
    "KBID": "KB3011780",
    "details": [
      {
        "bit": "32",
        "patch": "windows6.0-kb3011780-x86_f9c9c47ce9516caeb676b790e62325d360d6acee.msu"
      },
      {
        "bit": "64",
        "patch": "windows6.0-kb3011780-x64_c6135e518ffd1b053f1244a3f17d4c352c569c5b.msu"
      }
    ]
  },
  {
    "KBID": "KB3084135",
    "details": [
      {
        "bit": "64",
        "patch": "windows6.0-kb3084135-x86_4a09cb8d390e7a508e592d9ee4338d88bd22a044.msu"
      },
      {
        "bit": "64",
        "patch": "windows6.0-kb3084135-x64_9d0c770c90c5581fe2cbdac5d76a1690c04c77ad.msu"
      }
    ]
  },
  {
    "KBID": "KB3071756",
    "details": [
      {
        "bit": "64",
        "patch": "mpsyschk_80e92465c3593aee7d4256fbc0e91dc9bb7a99da.exe,windows6.0-kb3071756-x86_ac57540c110b73530c7e513f8973a2331b474323.msu"
      },
      {
        "bit": "64",
        "patch": "mpsyschk_54b829ad3592b2e3909afd0d6e2f46391b86890e.exe,windows6.0-kb3071756-x64_24aeedd561cc2d72ed16d8b871435bc071c723d1.msu"
      }
    ]
  },
  {
    "KBID": "KB3045171",
    "details": [
      {
        "bit": "32",
        "patch": "windows6.0-kb3045171-x86_620ea5cb09e9d2d1c1902fb55140c5c97960b868.msu"
      },
      {
        "bit": "64",
        "patch": "windows6.0-kb3045171-x64_a96111f5702b4729b177a696326e8dc9e57098a7.msu"
      }
    ]
  },
  {
    "KBID": "KB3010788",
    "details": [
      {
        "bit": "64",
        "patch": "windows6.0-kb3010788-x86_14c4b47467a44c4d7406c887cacaf8ced7a402f1.msu"
      },
      {
        "bit": "64",
        "patch": "windows6.0-kb3010788-x64_94c2f46de02c35397ba9ad8b595d49eed7a78f14.msu"
      }
    ]
  },
  {
    "KBID": "KB2973201",
    "details": [
      {
        "bit": "64",
        "patch": "windows6.0-kb2973201-x86_fcca496ed099c0f60630c707799cab08a6d7c554.msu"
      },
      {
        "bit": "64",
        "patch": "windows6.0-kb2973201-x64_883481a80a5ba87398c91f3a54c960fcc5e05d14.msu"
      }
    ]
  },
  {
    "KBID": "KB3086255",
    "details": [
      {
        "bit": "64",
        "patch": "windows6.0-kb3086255-x86_ecf90ea247978d22f4a0f398dddc3695a237fa86.msu"
      },
      {
        "bit": "64",
        "patch": "windows6.0-kb3086255-x64_121d1d65ac1a42543e2c2c1942e05addab019a3a.msu"
      }
    ]
  },
  {
    "KBID": "KB3021674",
    "details": [
      {
        "bit": "32",
        "patch": "windows6.0-kb3021674-x86_d6071356e11e39fa6cf1358537ee25e7b8608690.msu"
      },
      {
        "bit": "64",
        "patch": "windows6.0-kb3021674-x64_9a77d436a623074620b60650916fc5cc4d0e19ab.msu"
      }
    ]
  },
  {
    "KBID": "KB3139914",
    "details": [
      {
        "bit": "64",
        "patch": "windows6.0-kb3139914-x86_7ed958adcdd1c8642aa1f999ffa23fa90605791e.msu"
      },
      {
        "bit": "64",
        "patch": "windows6.0-kb3139914-x64_fb1546ee62327699f7a1d4cc7e5944fb47785355.msu"
      }
    ]
  },
  {
    "KBID": "KB3068457",
    "details": [
      {
        "bit": "32",
        "patch": "windows6.0-kb3068457-x86_0f23a13159f4ad7d4dc6e1f0d08ad79cb08e80db.msu"
      },
      {
        "bit": "64",
        "patch": "windows6.0-kb3068457-x64_21c7807c6c8a28ec735753f67f9fab3e7a91fd33.msu"
      }
    ]
  },
  {
    "KBID": "KB3059317",
    "details": [
      {
        "bit": "64",
        "patch": "windows6.0-kb3059317-x86_a3f336eae73f4a0cfd2b533c122936600a1c8bc3.msu"
      },
      {
        "bit": "64",
        "patch": "windows6.0-kb3059317-x64_7ff015670262de15bbfcfba1f4631c5e2d662cb3.msu"
      }
    ]
  },
  {
    "KBID": "KB3045685",
    "details": [
      {
        "bit": "32",
        "patch": "windows6.0-kb3045685-x86_376651b0d6e1eb5816a09b1d45c3fca0ec756dc2.msu"
      },
      {
        "bit": "64",
        "patch": "windows6.0-kb3045685-x64_e01b78a19253a159e75a7434a19cfba053b9e6ac.msu"
      }
    ]
  },
  {
    "KBID": "KB3067903",
    "details": [
      {
        "bit": "32",
        "patch": "windows6.0-kb3067903-x86_4057f85371bb77b4c0f9c27cdc05aa8929cd6846.msu"
      },
      {
        "bit": "64",
        "patch": "windows6.0-kb3067903-x64_f0331877795bc88bcd4aab378718ee62c2536428.msu"
      }
    ]
  },
  {
    "KBID": "KB3020393",
    "details": [
      {
        "bit": "32",
        "patch": "windows6.0-kb3020393-x86_f65b63b8af2f1504140c67ae6165c28947805895.msu"
      },
      {
        "bit": "64",
        "patch": "windows6.0-kb3020393-x64_df8448520664c70a258b3dfc4e038100b22c054e.msu"
      }
    ]
  },
  {
    "KBID": "KB3014029",
    "details": [
      {
        "bit": "32",
        "patch": "windows6.0-kb3014029-x86_ac897528668cc9df75cc2598f5d8312675b2df7e.msu"
      },
      {
        "bit": "64",
        "patch": "windows6.0-kb3014029-x64_8367186bf158c74ae5f176b2136ed6213e949b28.msu"
      }
    ]
  },
  {
    "KBID": "KB2991963",
    "details": [
      {
        "bit": "32",
        "patch": "windows6.0-kb2991963-x86_ba61d085cde0b0b0511eed7e093ad5117c996564.msu"
      },
      {
        "bit": "64",
        "patch": "windows6.0-kb2991963-x64_f4b05a9a4f2efe3a5f78a65d12477485cebabff3.msu"
      }
    ]
  },
  {
    "KBID": "KB2993651",
    "details": [
      {
        "bit": "32",
        "patch": "windows6.0-kb2993651-x86_954e556263e64c726901595e1f8b1d1cbb6ed310.msu"
      },
      {
        "bit": "64",
        "patch": "windows6.0-kb2993651-x64_59f68ba024238cb62307b4ac3f0ed4a4883737dd.msu"
      }
    ]
  },
  {
    "KBID": "KB2939576",
    "details": [
      {
        "bit": "32",
        "patch": "windows6.0-kb2939576-x86_f7eb95a3bbbe397d666dd4614fc630d73a4fcce2.msu"
      },
      {
        "bit": "64",
        "patch": "windows6.0-kb2939576-x64_da5b695e70727c3931b98abffb02ca07ac3d4e0c.msu"
      }
    ]
  },
  {
    "KBID": "KB3035132",
    "details": [
      {
        "bit": "32",
        "patch": "windows6.0-kb3035132-x86_e24dd858efc9cfe8617dd6cd125758d8feebd6b2.msu"
      },
      {
        "bit": "64",
        "patch": "windows6.0-kb3035132-x64_a748e661e10480e5f7885e9d16ff7278ffba6e94.msu"
      }
    ]
  },
  {
    "KBID": "KB2893294",
    "details": [
      {
        "bit": "32",
        "patch": "windows6.0-kb2893294-x86_5ed701f25b2b50c043116a2592c6b6be8edd11cc.msu"
      },
      {
        "bit": "64",
        "patch": "windows6.0-kb2893294-x64_d1c3cf15586c1728246237682d7e7964cb8246a5.msu"
      }
    ]
  },
  {
    "KBID": "KB2957509",
    "details": [
      {
        "bit": "32",
        "patch": "windows6.0-kb2957509-x86_4164fdd241c42d52b597b1d8df06a0c5bb3cf850.msu"
      }
    ]
  },
  {
    "KBID": "KB3004361",
    "details": [
      {
        "bit": "32",
        "patch": "windows6.0-kb3004361-x86_63e42c02664a9ab7d5571868e7d30c4beeca9193.msu"
      },
      {
        "bit": "64",
        "patch": "windows6.0-kb3004361-x64_0de0183342d76854632b9337f33c693f45d90178.msu"
      }
    ]
  },
  {
    "KBID": "KB4480957",
    "details": [
      {
        "bit": "64",
        "patch": "windows6.0-kb4480957-x64_8c0ed0c128d2cfa5f8c3a6723e2efd4f4bf49748.msu"
      },
      {
        "bit": "32",
        "patch": "windows6.0-kb4480957-x86_79221a5a420b6de52d71a24fe8b0c356dff605a9.msu"
      }
    ]
  },
  {
    "KBID": "KB3033889",
    "details": [
      {
        "bit": "32",
        "patch": "windows6.0-kb3033889-x86_0e9969818efb354505cb16297b255c0dfa925289.msu"
      },
      {
        "bit": "64",
        "patch": "windows6.0-kb3033889-x64_49906cb3486b8dee8c47650d7bd423855593d2e8.msu"
      }
    ]
  },
  {
    "KBID": "KB4517134",
    "details": [
      {
        "bit": "64",
        "patch": "windows6.0-kb4517134-x64_a8d3ee8dcfb54c69549081a3060d4cd487f73c2e.msu"
      },
      {
        "bit": "32",
        "patch": "windows6.0-kb4517134-x86_e21bd717dac684995078218e1370efe7b9d0ede9.msu"
      }
    ]
  }
]