[
  {
    "KBID": "KB4015546",
    "details": [
      {
        "bit": "64",
        "patch": "windows6.1-kb4015546-x64_4ff5653990d74c465d48adfba21aca6453be99aa.msu"
      }
    ]
  },
  {
    "KBID": "KB4462915",
    "details": [
      {
        "bit": "64",
        "patch": "windows6.1-kb4462915-x64_63d42d3fb635f643f43e87d762b6077998735469.msu"
      }
    ]
  },
  {
    "KBID": "KB4520003",
    "details": [
      {
        "bit": "64",
        "patch": "windows6.1-kb4520003-x64_8abb11ba896edd5efc66dbfdec40d16773f82398.msu"
      }
    ]
  },
  {
    "KBID": "KB4512486",
    "details": [
      {
        "bit": "64",
        "patch": "windows6.1-kb4512486-x64_547fe7e4099c11d494c95d1f72e62a693cd70441.msu"
      }
    ]
  },
  {
    "KBID": "KB4516033",
    "details": [
      {
        "bit": "64",
        "patch": "windows6.1-kb4516033-x64_976486f9defe12ce403bdacfd932cb6f97540f0e.msu"
      }
    ]
  },
  {
    "KBID": "KB3046017",
    "details": [
      {
        "bit": "64",
        "patch": "windows6.1-kb3046017-x64_5451208ccc96f656f55f35fca5997801e1676bcb.msu"
      }
    ]
  },
  {
    "KBID": "KB4507456",
    "details": [
      {
        "bit": "64",
        "patch": "windows6.1-kb4507456-x64_6aa110cb2d01b8f291d1ea2c3cdc5e82204686ed.msu"
      }
    ]
  },
  {
    "KBID": "KB3055642",
    "details": [
      {
        "bit": "64",
        "patch": "windows6.1-kb3055642-x64_cc13db5a18e3531c854e85263e66055cdd081678.msu"
      }
    ]
  },
  {
    "KBID": "KB4103712",
    "details": [
      {
        "bit": "64",
        "patch": "windows6.1-kb4103712-x64_44bc3455369066d70f52da47c30ca765f511cf68.msu"
      }
    ]
  },
  {
    "KBID": "KB3133043",
    "details": [
      {
        "bit": "64",
        "patch": "windows6.1-kb3133043-x64_43094309e6085f94d44a31f94c6ecbf473f6ad12.msu"
      }
    ]
  },
  {
    "KBID": "KB3168965",
    "details": [
      {
        "bit": "64",
        "patch": "windows6.1-kb3168965-x64_936c2cdb1a9d11deb25a2b28d98cd300eff933fb.msu"
      },
      {
        "bit": "64",
        "patch": "windows6.1-kb3168965-x64_936c2cdb1a9d11deb25a2b28d98cd300eff933fb.msu"
      }
    ]
  },
  {
    "KBID": "KB3109103",
    "details": [
      {
        "bit": "64",
        "patch": "windows6.1-kb3109103-x64_5a443c08ac3f02ae8a7ec1100f306f8cf0d216db.msu"
      }
    ]
  },
  {
    "KBID": "KB3092601",
    "details": [
      {
        "bit": "64",
        "patch": "windows6.1-kb3092601-x64_3ec4ecb7257f5c703dd5f078fa50127cfa2c3c7d.msu"
      }
    ]
  },
  {
    "KBID": "KB3110329",
    "details": [
      {
        "bit": "64",
        "patch": "windows6.1-kb3110329-x64_4ed9eebee2938cf8c55550e2a7f196a409e80b76.msu"
      }
    ]
  },
  {
    "KBID": "KB4486564",
    "details": [
      {
        "bit": "64",
        "patch": "windows6.1-kb4486564-x64_ad686ee44cfd554e461c55d1975d377b68af5eca.msu"
      }
    ]
  },
  {
    "KBID": "KB3019215",
    "details": [
      {
        "bit": "64",
        "patch": "windows6.1-kb3019215-x64_4be4cae2927d224586ce73d471bd3a6f72814e04.msu"
      }
    ]
  },
  {
    "KBID": "KB3035126",
    "details": [
      {
        "bit": "64",
        "patch": "windows6.1-kb3035126-x64_ba6bf5118bc60be7f824c4dba9131185e4755646.msu"
      }
    ]
  },
  {
    "KBID": "KB3011780",
    "details": [
      {
        "bit": "64",
        "patch": "mpsyschk_2bbd60758fb5fe3e070dc308b2c59bd2d36aacad.exe,windows6.1-kb3011780-x64_fdd28f07643e9f123cf935bc9be12f75ac0b4d80.msu"
      }
    ]
  },
  {
    "KBID": "KB3161949",
    "details": [
      {
        "bit": "64",
        "patch": "windows6.1-kb3161949-x64_e2372fb5746e9474cec6ef1710f8d58ec5c6c000.msu"
      }
    ]
  },
  {
    "KBID": "KB3185911",
    "details": [
      {
        "bit": "64",
        "patch": "windows6.1-kb3185911-x64_0622382f0525ffd278d83779c249be2b03edb67a.msu"
      }
    ]
  },
  {
    "KBID": "KB3084135",
    "details": [
      {
        "bit": "64",
        "patch": "windows6.1-kb3084135-x64_b21bfce8e2040f26e54697235c1f6d0e18f5cf50.msu"
      }
    ]
  },
  {
    "KBID": "KB3071756",
    "details": [
      {
        "bit": "64",
        "patch": "windows6.1-kb3071756-x64_b1aab0ef3752c52636409b50eb7853f645859e78.msu"
      }
    ]
  },
  {
    "KBID": "KB4056897",
    "details": [
      {
        "bit": "64",
        "patch": "windows6.1-kb4056897-x64_2af35062f69ce80c4cd6eef030eda31ca5c109ed.msu"
      }
    ]
  },
  {
    "KBID": "KB4467106",
    "details": [
      {
        "bit": "64",
        "patch": "windows6.1-kb4467106-x64_ee54f25e11ccbb5d9eea964bbed2838583169ee5.msu"
      }
    ]
  },
  {
    "KBID": "KB3010788",
    "details": [
      {
        "bit": "64",
        "patch": "windows6.1-kb3010788-x64_ff5ca48d247b91e246262af5f27c381e7652ece5.msu"
      }
    ]
  },
  {
    "KBID": "KB4343899",
    "details": [
      {
        "bit": "64",
        "patch": "windows6.1-kb4343899-x64_09b367dfef2423a314f52325ce82d8675b2c5611.msu"
      }
    ]
  },
  {
    "KBID": "KB3021674",
    "details": [
      {
        "bit": "64",
        "patch": "windows6.1-kb3021674-x64_1193b28116109ec0ce1d47c1b0cfa89727c71ce3.msu"
      }
    ]
  },
  {
    "KBID": "KB4074598",
    "details": [
      {
        "bit": "64",
        "patch": "windows6.1-kb4074598-x64_87a0c86bfb4c01d9c32d2cd3717b73c1b83cb798.msu"
      }
    ]
  },
  {
    "KBID": "KB3068457",
    "details": [
      {
        "bit": "64",
        "patch": "windows6.1-kb3068457-x64_08099524a2de2710a6e5f34978a248d36483e5cc.msu"
      }
    ]
  },
  {
    "KBID": "KB3139914",
    "details": [
      {
        "bit": "64",
        "patch": "windows6.1-kb3139914-x64_ad8a18b8aada73f20225d233444a578902508596.msu"
      }
    ]
  },
  {
    "KBID": "KB4022722",
    "details": [
      {
        "bit": "64",
        "patch": "windows6.1-kb4022722-x64_ee5b5fae02d1c48dbd94beaff4d3ee4fe3cd2ac2.msu"
      }
    ]
  },
  {
    "KBID": "KB3159398",
    "details": [
      {
        "bit": "64",
        "patch": "windows6.1-kb3159398-x64_dc2b2c11af4b38b0b632bd7f6d683d57a93b711c.msu"
      }
    ]
  },
  {
    "KBID": "KB3059317",
    "details": [
      {
        "bit": "64",
        "patch": "windows6.1-kb3059317-x64_b68db33239bddcb59e881252cfc7b79d58a2f26b.msu"
      }
    ]
  },
  {
    "KBID": "KB4038779",
    "details": [
      {
        "bit": "64",
        "patch": "windows6.1-kb4038779-x64_101eabd1c808a526c500d2589dc7077417693d79.msu"
      }
    ]
  },
  {
    "KBID": "KB4284867",
    "details": [
      {
        "bit": "64",
        "patch": "windows6.1-kb4284867-x64_c2ecdf5620a36f257537e2e10c797f3ab572a7fe.msu"
      }
    ]
  },
  {
    "KBID": "KB4338823",
    "details": [
      {
        "bit": "64",
        "patch": "windows6.1-kb4338823-x64_a141926d69d13f84e280086cb70b9b37dd590219.msu"
      }
    ]
  },
  {
    "KBID": "KB3019978",
    "details": [
      {
        "bit": "64",
        "patch": "windows6.1-kb3019978-x64_af5e338495c9cd753793f90da0b7082eb67eea50.msu"
      }
    ]
  },
  {
    "KBID": "KB4048960",
    "details": [
      {
        "bit": "64",
        "patch": "windows6.1-kb4048960-x64_e86abddbeecff64956c21d98e329372edb54a413.msu"
      }
    ]
  },
  {
    "KBID": "KB3139398",
    "details": [
      {
        "bit": "64",
        "patch": "windows6.1-kb3139398-x64_4a5707dfad03116b078bc99de404e89a9d93c801.msu"
      }
    ]
  },
  {
    "KBID": "KB3067903",
    "details": [
      {
        "bit": "64",
        "patch": "windows6.1-kb3067903-x64_32ade96fc5ca8915c044307a24aaff2415931708.msu"
      }
    ]
  },
  {
    "KBID": "KB4074587",
    "details": [
      {
        "bit": "64",
        "patch": "windows6.1-kb4074587-x64_cdc1b385546eca73c15e870e3b5f9e55e2d0ba3a.msu"
      }
    ]
  },
  {
    "KBID": "KB4499175",
    "details": [
      {
        "bit": "64",
        "patch": "pciclearstalecache_d243a607b50db10ed50f03cff570498018c61a59.exe,windows6.1-kb4499175-x64_3704acfff45ddf163d8049683d5a3b75e49b58cb.msu"
      }
    ]
  },
  {
    "KBID": "KB4480960",
    "details": [
      {
        "bit": "64",
        "patch": "windows6.1-kb4480960-x64_bd23adfd0d82403d58aa8cd649636d136cf77700.msu"
      }
    ]
  },
  {
    "KBID": "KB3020393",
    "details": [
      {
        "bit": "64",
        "patch": "windows6.1-kb3020393-x64_2d98b41288b8791dd2656fcef96b0b6055aa2aa0.msu"
      }
    ]
  },
  {
    "KBID": "KB4471328",
    "details": [
      {
        "bit": "64",
        "patch": "windows6.1-kb4471328-x64_f9ae741bb45b98421d159469e57d765451a4d950.msu"
      }
    ]
  },
  {
    "KBID": "KB3014029",
    "details": [
      {
        "bit": "64",
        "patch": "windows6.1-kb3014029-x64_29c3c54f6d9aa4e7a0e9d1b6521aba14a628ede8.msu"
      }
    ]
  },
  {
    "KBID": "KB4019263",
    "details": [
      {
        "bit": "64",
        "patch": "windows6.1-kb4019263-x64_d64d8b6f91434754fdd2a552d8732c95a6e64f30.msu"
      }
    ]
  },
  {
    "KBID": "KB4489885",
    "details": [
      {
        "bit": "64",
        "patch": "windows6.1-kb4489885-x64_3456932a9c8da3cde6a436d26f502126188332a0.msu"
      }
    ]
  },
  {
    "KBID": "KB2991963",
    "details": [
      {
        "bit": "64",
        "patch": "windows6.1-kb2991963-x64_22b59d6febd0ca105cd058b81bbb8b3d83cee151.msu"
      }
    ]
  },
  {
    "KBID": "KB4034679",
    "details": [
      {
        "bit": "64",
        "patch": "windows6.1-kb4034679-x64_ccabab6aefd6c16454fac39163ae5abc2f4f1303.msu"
      }
    ]
  },
  {
    "KBID": "KB3035132",
    "details": [
      {
        "bit": "64",
        "patch": "windows6.1-kb3035132-x64_1ef445a9a03384942899a97a6477082859334f21.msu"
      }
    ]
  },
  {
    "KBID": "KB4503269",
    "details": [
      {
        "bit": "64",
        "patch": "windows6.1-kb4503269-x64_d518b12868bb1202a03fbc33c2d716092ae9c2e2.msu"
      }
    ]
  },
  {
    "KBID": "KB2992611",
    "details": [
      {
        "bit": "64",
        "patch": "windows6.1-kb3018238-x64_a8abfb302c814db104e6c0f987dd4b887899b54a.msu,windows6.1-kb2992611-x64_786356207570e1f5c422795f3c15961af3cb2d0a.msu"
      }
    ]
  },
  {
    "KBID": "KB2893294",
    "details": [
      {
        "bit": "64",
        "patch": "windows6.1-kb2893294-x64_2dc081110a10ae52ac520d00c7334ca768f99e0e.msu"
      }
    ]
  },
  {
    "KBID": "KB4041678",
    "details": [
      {
        "bit": "64",
        "patch": "windows6.1-kb4041678-x64_f55123caaf35a98d2056dc81a5d4a185f148601a.msu"
      }
    ]
  },
  {
    "KBID": "KB4025337",
    "details": [
      {
        "bit": "64",
        "patch": "windows6.1-kb4025337-x64_c013b7fcf3486a0f71c4f58fc361bfdb715c4e94.msu"
      }
    ]
  },
  {
    "KBID": "KB4516655",
    "details": [
      {
        "bit": "64",
        "patch": "windows6.1-kb4516655-x64_8acf6b3aeb8ebb79973f034c39a9887c9f7df812.msu"
      }
    ]
  },
  {
    "KBID": "KB3004361",
    "details": [
      {
        "bit": "64",
        "patch": "windows6.1-kb3004361-x64_aa0d59a0aca5f637296e30bca4c193e90efc321f.msu"
      }
    ]
  },
  {
    "KBID": "KB4088878",
    "details": [
      {
        "bit": "64",
        "patch": "windows6.1-kb4088878-x64_59e25abf3a0c18f9fab5128bad26d3311bedd2d6.msu"
      }
    ]
  },
  {
    "KBID": "KB4493448",
    "details": [
      {
        "bit": "64",
        "patch": "windows6.1-kb4493448-x64_26274aef6de2f6b66e71f4a8ae51539238d1ec2d.msu"
      }
    ]
  }
]