[
  {
    "KBID": "KB4512489",
    "details": [
      {
        "bit": "64",
        "patch": "windows8.1-kb4512489-x64_be2ed8f4ee800d8c39e5025c5d95808858077c05.msu"
      }
    ]
  },
  {
    "KBID": "KB4519990",
    "details": [
      {
        "bit": "64",
        "patch": "windows8.1-kb4519990-x64_8c76d14ee2e6f222eecc4c82e116707bcce13f29.msu"
      }
    ]
  },
  {
    "KBID": "KB4516064",
    "details": [
      {
        "bit": "64",
        "patch": "windows8.1-kb4516064-x64_fe0da4f3c7631ba720bdeffb538205cca45074b0.msu"
      }
    ]
  },
  {
    "KBID": "KB3175024",
    "details": [
      {
        "bit": "64",
        "patch": "windows8.1-kb3175024-x64_11e1173ef77cce7bfd78187417177970b023a2b2.msu"
      }
    ]
  },
  {
    "KBID": "KB4521864",
    "details": [
      {
        "bit": "64",
        "patch": "windows8.1-kb4521864-x64_a08bfe1c54e710e319a1dd6a8115967eecd1fdad.msu"
      }
    ]
  },
  {
    "KBID": "KB4499165",
    "details": [
      {
        "bit": "64",
        "patch": "windows8.1-kb4499165-x64_9324ba93ee212a0449a69c9ae3a9d993045c4aad.msu"
      }
    ]
  },
  {
    "KBID": "KB4022717",
    "details": [
      {
        "bit": "64",
        "patch": "windows8.1-kb4022717-x64_e24312d7ff6180331c022d75f09143ba71eefd80.msu"
      }
    ]
  },
  {
    "KBID": "KB4507457",
    "details": [
      {
        "bit": "64",
        "patch": "windows8.1-kb4507457-x64_c3402cd755f29d2b3be7e70104a30c3f224633ea.msu"
      }
    ]
  },
  {
    "KBID": "KB4025333",
    "details": [
      {
        "bit": "64",
        "patch": "windows8.1-kb4025333-x64_b7373c4640f07e670e09b95624e8fd046085e201.msu"
      }
    ]
  },
  {
    "KBID": "KB4462941",
    "details": [
      {
        "bit": "64",
        "patch": "windows8.1-kb4462941-x64_81ecc4a83ebc7cb54ee93dad7c3aacaccb219069.msu"
      }
    ]
  },
  {
    "KBID": "KB4034672",
    "details": [
      {
        "bit": "64",
        "patch": "windows8.1-kb4034672-x64_c61bc3ec32270beb2862e0b0fd26cc68de8f2dfc.msu"
      }
    ]
  },
  {
    "KBID": "KB3197873",
    "details": [
      {
        "bit": "64",
        "patch": "windows8.1-kb3197873-x64_cd0325f40c0d25960e462946f6b736aa7c0ed674.msu"
      }
    ]
  },
  {
    "KBID": "KB4471322",
    "details": [
      {
        "bit": "64",
        "patch": "windows8.1-kb4471322-x64_ab60b543993455e6e7eec97df4aeef49f27f06ac.msu"
      }
    ]
  },
  {
    "KBID": "KB4503290",
    "details": [
      {
        "bit": "64",
        "patch": "windows8.1-kb4503290-x64_b89d6a7b0c552bba293c60a41838d5c517e73c30.msu"
      }
    ]
  },
  {
    "KBID": "KB4019213",
    "details": [
      {
        "bit": "64",
        "patch": "windows8.1-kb4019213-x64_008c048ea7ce4137735000710d030dc2719877ed.msu"
      }
    ]
  },
  {
    "KBID": "KB4041687",
    "details": [
      {
        "bit": "64",
        "patch": "windows8.1-kb4041687-x64_e7b27a7e1f61c87e14a56a05df0ac00c8a1a1190.msu"
      }
    ]
  },
  {
    "KBID": "KB4343888",
    "details": [
      {
        "bit": "64",
        "patch": "windows8.1-kb4343888-x64_6d9960ab6fd784fe8dfe0e76a907b3b29146421b.msu"
      }
    ]
  },
  {
    "KBID": "KB4074597",
    "details": [
      {
        "bit": "64",
        "patch": "windows8.1-kb4074597-x64_7cb195112152cad1955361f6bf03ca346f479e7e.msu"
      }
    ]
  },
  {
    "KBID": "KB4038793",
    "details": [
      {
        "bit": "64",
        "patch": "windows8.1-kb4038793-x64_14934122608b58b49cbe6fb3a8834010544f2263.msu"
      }
    ]
  },
  {
    "KBID": "KB4103715",
    "details": [
      {
        "bit": "64",
        "patch": "windows8.1-kb4103715-x64_43bebfcb5be43876fb6a13a4eb840174ecb1790c.msu"
      }
    ]
  },
  {
    "KBID": "KB3046017",
    "details": [
      {
        "bit": "64",
        "patch": "windows8.1-kb3046017-x64_cfd784ae9e40bcd30adf46d822bf48a601b218cb.msu"
      }
    ]
  },
  {
    "KBID": "KB3192392",
    "details": [
      {
        "bit": "64",
        "patch": "windows8.1-kb3192392-x64_2438d75e9a0f6e38e61f992e70c832bc706a2b27.msu"
      }
    ]
  },
  {
    "KBID": "KB4284878",
    "details": [
      {
        "bit": "64",
        "patch": "windows8.1-kb4284878-x64_a1e44db4f24b64f30ce05969b01f6f3955cec026.msu"
      }
    ]
  },
  {
    "KBID": "KB3126587",
    "details": [
      {
        "bit": "64",
        "patch": "windows8.1-kb3126587-x64_aecaabb9db72f7508bf0f53f265449cb54507d1b.msu"
      }
    ]
  },
  {
    "KBID": "KB4048961",
    "details": [
      {
        "bit": "64",
        "patch": "windows8.1-kb4048961-x64_0ddb2e8e077b235153737992e8ba9cf91c74318d.msu"
      }
    ]
  },
  {
    "KBID": "KB3102939",
    "details": [
      {
        "bit": "64",
        "patch": "windows8.1-kb3102939-x64_194894aea47349e55b195acef50b56930d4540b2.msu"
      }
    ]
  },
  {
    "KBID": "KB3055642",
    "details": [
      {
        "bit": "64",
        "patch": "windows8.1-kb3055642-x64_da4c9859885bc413462c7b73141cf42aac807238.msu"
      }
    ]
  },
  {
    "KBID": "KB4338824",
    "details": [
      {
        "bit": "64",
        "patch": "windows8.1-kb4338824-x64_2718920716ec19174fcfa4a43ab5bbe40a27a732.msu"
      }
    ]
  },
  {
    "KBID": "KB4015547",
    "details": [
      {
        "bit": "64",
        "patch": "windows8.1-kb4015547-x64_334d5e4922ed1e0441d15ae32ff56bff8eebdbb8.msu"
      }
    ]
  },
  {
    "KBID": "KB3067505",
    "details": [
      {
        "bit": "64",
        "patch": "windows8.1-kb3067505-x64_ad6bd1bec4ec7cc0ccaa01337a2ddddf899c3a95.msu"
      }
    ]
  },
  {
    "KBID": "KB4457143",
    "details": [
      {
        "bit": "64",
        "patch": "windows8.1-kb4457143-x64_119a0910867f6368fa4f3096411b792729935430.msu"
      }
    ]
  },
  {
    "KBID": "KB3133043",
    "details": [
      {
        "bit": "64",
        "patch": "windows8.1-kb3133043-x64_4d4f74206edcc073bc1c3523f5b642d7b55c2615.msu"
      }
    ]
  },
  {
    "KBID": "KB3178539",
    "details": [
      {
        "bit": "64",
        "patch": "windows8.1-kb3178539-x64_60a85967f423ac37429757d8fbf7212540dea922.msu"
      }
    ]
  },
  {
    "KBID": "KB2967917",
    "details": [
      {
        "bit": "64",
        "patch": "windows8.1-kb2967917-x64_f3c76e9b2c6fd1b090d191b78de1189844b040f8.msu"
      }
    ]
  },
  {
    "KBID": "KB3162343",
    "details": [
      {
        "bit": "64",
        "patch": "windows8.1-kb3162343-x64_f6f76020d72d633995dbb1dbfee681f9a74b7643.msu"
      }
    ]
  },
  {
    "KBID": "KB3109103",
    "details": [
      {
        "bit": "64",
        "patch": "windows8.1-kb3109103-x64_e72f10a63ebca35733b131bfb03f8cd07575fa02.msu"
      }
    ]
  },
  {
    "KBID": "KB4041693",
    "details": [
      {
        "bit": "64",
        "patch": "windows8.1-kb4041693-x64_31e473824b705bf05f3befc423d39fa0c6d0fb49.msu"
      }
    ]
  },
  {
    "KBID": "KB3092601",
    "details": [
      {
        "bit": "64",
        "patch": "windows8.1-kb3092601-x64_10b03efea03d95d108d7948946a58868d2442c86.msu"
      }
    ]
  },
  {
    "KBID": "KB4493467",
    "details": [
      {
        "bit": "64",
        "patch": "windows8.1-kb4493467-x64_82aff53bb6ef1d4531d4431b8cc69e701cea4a17.msu"
      }
    ]
  },
  {
    "KBID": "KB3042085",
    "details": [
      {
        "bit": "64",
        "patch": "windows8.1-kb3042085-v2-x64_438dacab2be16a8c080b86c66f4958de00557f7f.msu"
      }
    ]
  },
  {
    "KBID": "KB3110329",
    "details": [
      {
        "bit": "64",
        "patch": "windows8.1-kb3110329-x64_fe3d0ab714cfb3e0db59e8b1e8b3fa8141bfd79c.msu"
      }
    ]
  },
  {
    "KBID": "KB4054522",
    "details": [
      {
        "bit": "64",
        "patch": "windows8.1-kb4054522-x64_7076478c55f0da1cf0dd69d9d98151f74dc17528.msu"
      }
    ]
  },
  {
    "KBID": "KB3035126",
    "details": [
      {
        "bit": "64",
        "patch": "windows8.1-kb3035126-x64_6d9f28b676b7ee992bdd35c0297f8f95576c360f.msu"
      }
    ]
  },
  {
    "KBID": "KB4512938",
    "details": [
      {
        "bit": "64",
        "patch": "windows8.1-kb4512938-x64_5101be24904d01230f39583b5c5ab00aaae096b8.msu"
      }
    ]
  },
  {
    "KBID": "KB4088879",
    "details": [
      {
        "bit": "64",
        "patch": "windows8.1-kb4088879-x64_35314a7e3ec0d3c7c2c5f6ff15d7b8cd76a498ac.msu"
      }
    ]
  },
  {
    "KBID": "KB4093115",
    "details": [
      {
        "bit": "64",
        "patch": "windows8.1-kb4093115-x64_2168eabe1913691a5dc200ee3339f1982b5b60ce.msu"
      }
    ]
  },
  {
    "KBID": "KB3146723",
    "details": [
      {
        "bit": "64",
        "patch": "windows8.1-kb3146723-x64_5aae2a7642e87b2881d7337ef736eaee679f907a.msu"
      }
    ]
  },
  {
    "KBID": "KB3077715",
    "details": [
      {
        "bit": "64",
        "patch": "windows8.1-kb3077715-x64_69d5d96d3717c71b06a3c4ea4a8840d0af95acbe.msu"
      }
    ]
  },
  {
    "KBID": "KB3011780",
    "details": [
      {
        "bit": "64",
        "patch": "windows8.1-kb3011780-x64_ae7432399d33daab7fda055af111d8bc1ae14e3b.msu"
      }
    ]
  },
  {
    "KBID": "KB3023266",
    "details": [
      {
        "bit": "64",
        "patch": "windows8.1-kb3023266-x64_a799d527b608a6e94138b0a93a6255748c09049a.msu"
      }
    ]
  },
  {
    "KBID": "KB4467703",
    "details": [
      {
        "bit": "64",
        "patch": "windows8.1-kb4467703-x64_61a1985243fe783a4095916160736a5cf8811a88.msu"
      }
    ]
  },
  {
    "KBID": "KB4487028",
    "details": [
      {
        "bit": "64",
        "patch": "windows8.1-kb4487028-x64_5d7c77eb2a14640a2d9c963e1248eeb918c47dba.msu"
      }
    ]
  },
  {
    "KBID": "KB3161949",
    "details": [
      {
        "bit": "64",
        "patch": "windows8.1-kb3161949-x64_303f894a71fad84f147e1ee715f8c60ddfc752d7.msu"
      }
    ]
  },
  {
    "KBID": "KB3156059",
    "details": [
      {
        "bit": "64",
        "patch": "windows8.1-kb3156059-x64_23f332f9c78aaac223b862f58871bdab244cfde8.msu"
      }
    ]
  },
  {
    "KBID": "KB3126593",
    "details": [
      {
        "bit": "64",
        "patch": "windows8.1-kb3126593-x64_54c6eaadc4b5ea5ca79caab1f8895557ed662d2b.msu"
      }
    ]
  },
  {
    "KBID": "KB3000850",
    "details": [
      {
        "bit": "64",
        "patch": "windows8.1-kb3014442-x64_7144f7a9e3431816253aded98773797143d2e150.msu,windows8.1-kb3003057-x64_d28a8ef73c4064431057de9e40491f0237a53851.msu,windows8.1-kb3016437-x64_4187471b733e02d40ea8ef1a0f742b6af122491a.msu,windows8.1-kb3000850-x64_94a08e535c004b860e9434fbd1e2d293583620a2.msu"
      }
    ]
  },
  {
    "KBID": "KB4012213",
    "details": [
      {
        "bit": "64",
        "patch": "windows8.1-kb4012213-x64_5b24b9ca5a123a844ed793e0f2be974148520349.msu"
      }
    ]
  },
  {
    "KBID": "KB3126041",
    "details": [
      {
        "bit": "64",
        "patch": "windows8.1-kb3126041-x64_79d4ac69a6d6feeabf12410b1e815850c0c0ca81.msu"
      }
    ]
  },
  {
    "KBID": "KB4056898",
    "details": [
      {
        "bit": "64",
        "patch": "windows8.1-kb4056898-v2-x64_754f420c1d505f4666437d06ac97175109631bf2.msu"
      }
    ]
  },
  {
    "KBID": "KB3084135",
    "details": [
      {
        "bit": "64",
        "patch": "windows8.1-kb3084135-x64_631d159c59f993b29db94c79a06cd1fedcad3c4e.msu"
      }
    ]
  },
  {
    "KBID": "KB3155784",
    "details": [
      {
        "bit": "64",
        "patch": "windows8.1-kb3155784-x64_2a5c14e67fc1c00a974e2b1b892c15132b780f59.msu"
      }
    ]
  },
  {
    "KBID": "KB3205400",
    "details": [
      {
        "bit": "64",
        "patch": "windows8.1-kb3205400-x64_ad92909c51b52a6890932a8c5bd32059a102ec65.msu"
      }
    ]
  },
  {
    "KBID": "KB4489883",
    "details": [
      {
        "bit": "64",
        "patch": "windows8.1-kb4489883-x64_71710d2a782e9b4ad4542d7f495818cc5859564d.msu"
      }
    ]
  },
  {
    "KBID": "KB3071756",
    "details": [
      {
        "bit": "64",
        "patch": "windows8.1-kb3071756-x64_481757325634850fec6798a4a7dcf67139e72aac.msu"
      }
    ]
  },
  {
    "KBID": "KB4480964",
    "details": [
      {
        "bit": "64",
        "patch": "windows8.1-kb4480964-x64_8a3797170121c661ab056fe86b1e5341e3be1807.msu"
      }
    ]
  },
  {
    "KBID": "KB3061512",
    "details": [
      {
        "bit": "64",
        "patch": "windows8.1-kb3061512-x64_86b6cd6c5e0ea5670ca37aa97e335653e5a877fc.msu"
      }
    ]
  },
  {
    "KBID": "KB3081320",
    "details": [
      {
        "bit": "64",
        "patch": "windows8.1-kb3081320-x64_d6e34f82e20d9efa19ab0ae7a938f8d80c01416e.msu"
      }
    ]
  },
  {
    "KBID": "KB3010788",
    "details": [
      {
        "bit": "64",
        "patch": "windows8.1-kb3010788-x64_4fca09e1861f16ddf8f965b32b84dfb8bab57902.msu"
      }
    ]
  },
  {
    "KBID": "KB3045999",
    "details": [
      {
        "bit": "64",
        "patch": "windows8.1-kb3045999-x64_24d58ec9a3369bf798cb8353d8d6055107966c06.msu"
      }
    ]
  },
  {
    "KBID": "KB3045755",
    "details": [
      {
        "bit": "64",
        "patch": "windows8.1-kb3045755-x64_8f5c3fda0d47b8217751ea17761a5c0be847841e.msu"
      }
    ]
  },
  {
    "KBID": "KB3044374",
    "details": [
      {
        "bit": "64",
        "patch": "windows8.1-kb3044374-x64_5a77e58ce3f77d967c1a7e0c30877bd193b08d6c.msu"
      }
    ]
  },
  {
    "KBID": "KB2973201",
    "details": [
      {
        "bit": "64",
        "patch": "windows8.1-kb2973201-x64_798c1d19f55c104e05bc2f18d0e54c322d8b89d0.msu"
      }
    ]
  },
  {
    "KBID": "KB3086255",
    "details": [
      {
        "bit": "64",
        "patch": "windows8.1-kb3086255-x64_03590acb15d947eb9a3fc9e4d838ad3d66163844.msu"
      }
    ]
  },
  {
    "KBID": "KB3021674",
    "details": [
      {
        "bit": "64",
        "patch": "windows8.1-kb3021674-x64_9f3657f220d2f7064215e6ba66dd40dc6a351609.msu"
      }
    ]
  },
  {
    "KBID": "KB2976897",
    "details": [
      {
        "bit": "64",
        "patch": "windows8.1-kb2976897-x64_8ff664b151d191a88954882459518516dbf969c4.msu"
      }
    ]
  },
  {
    "KBID": "KB3139914",
    "details": [
      {
        "bit": "64",
        "patch": "windows8.1-kb3139914-x64_c0ed0734cde5d1eddcc7ad0632eb539e766a9e93.msu"
      }
    ]
  },
  {
    "KBID": "KB3008242",
    "details": [
      {
        "bit": "64",
        "patch": "windows8.1-kb3008242-x64_969750d7a771e21812b8cc27a7432ffbec32f0df.msu"
      }
    ]
  },
  {
    "KBID": "KB3159398",
    "details": [
      {
        "bit": "64",
        "patch": "windows8.1-kb3159398-x64_f8e8f71aa74a71071d24c90af9ff3f5e2a7f75b8.msu"
      }
    ]
  },
  {
    "KBID": "KB3059317",
    "details": [
      {
        "bit": "64",
        "patch": "windows8.1-kb3059317-x64_4271d612ef3f3c57904458748faad85f0c56dad0.msu"
      }
    ]
  },
  {
    "KBID": "KB3019978",
    "details": [
      {
        "bit": "64",
        "patch": "windows8.1-kb3019978-x64_80f7b7e16ab31192c6a75ab632db254df8c83a2e.msu"
      }
    ]
  },
  {
    "KBID": "KB3045685",
    "details": [
      {
        "bit": "64",
        "patch": "windows8.1-kb3045685-x64_e34f6a8551808eee89b2e4c58388d746ca1fb1eb.msu"
      }
    ]
  },
  {
    "KBID": "KB3082089",
    "details": [
      {
        "bit": "64",
        "patch": "windows8.1-kb3082089-x64_6fa26cce09c1c0a7e6d5e1c6d907d6790712ab19.msu"
      }
    ]
  },
  {
    "KBID": "KB3139398",
    "details": [
      {
        "bit": "64",
        "patch": "windows8.1-kb3139398-x64_da8a470a7629685a4c67eec13e1509c338acbd24.msu"
      }
    ]
  },
  {
    "KBID": "KB3126434",
    "details": [
      {
        "bit": "64",
        "patch": "windows8.1-kb3126434-x64_305a6f14ffc6bbf55be58d78d2dae6123fe1bc32.msu"
      }
    ]
  },
  {
    "KBID": "KB3020393",
    "details": [
      {
        "bit": "64",
        "patch": "windows8.1-kb3020393-x64_b5f70fc7379ff65dbaf1ea380af96d716400b934.msu"
      }
    ]
  },
  {
    "KBID": "KB3014029",
    "details": [
      {
        "bit": "64",
        "patch": "windows8.1-kb3014029-x64_c1f9ae30f63328dc8974c1d69c58ebe4e1bb7f18.msu"
      }
    ]
  },
  {
    "KBID": "KB2893294",
    "details": [
      {
        "bit": "64",
        "patch": "windows8.1-kb2893294-x64_a9856309bdd0f8188c3faf06a53a48b3147ece8e.msu"
      },
      {
        "bit": "64",
        "patch": "windows8.1-kb2893294-x64_4bb2c8a347fe7c29d3a50c084a3b10ef1ca92768.msu"
      }
    ]
  },
  {
    "KBID": "KB3004361",
    "details": [
      {
        "bit": "64",
        "patch": "windows8.1-kb3004361-x64_19e7d86a45d17e8a66ff31166f9f7c00924fb244.msu"
      }
    ]
  }
]