[
  {
    "KBID": "KB4054523",
    "details": [
      {
        "bit": "64",
        "patch": "windows8-rt-kb4054523-x64_29a85a45c4d9399406a120af2504fa81944616cc.msu"
      }
    ]
  },
  {
    "KBID": "KB4516062",
    "details": [
      {
        "bit": "64",
        "patch": "windows8-rt-kb4516062-x64_3baa93e1658292af30ff9d14596d5032c12558ff.msu"
      }
    ]
  },
  {
    "KBID": "KB4088880",
    "details": [
      {
        "bit": "64",
        "patch": "windows8-rt-kb4088880-x64_5c53b38e9ed05d113e0a5745f2bd92d6f86ad151.msu"
      }
    ]
  },
  {
    "KBID": "KB3175024",
    "details": [
      {
        "bit": "64",
        "patch": "windows8-rt-kb3175024-v2-x64_a1ee08906af45e9aaa0f3921e590c1398927785a.msu"
      },
      {
        "bit": "64",
        "patch": "windows8-rt-kb3175024-v2-x64_a1ee08906af45e9aaa0f3921e590c1398927785a.msu"
      }
    ]
  },
  {
    "KBID": "KB4512482",
    "details": [
      {
        "bit": "64",
        "patch": "windows8-rt-kb4512482-x64_d70a5c16078078eabc121282b160536e6f61d242.msu"
      }
    ]
  },
  {
    "KBID": "KB4457140",
    "details": [
      {
        "bit": "64",
        "patch": "windows8-rt-kb4457140-x64_6d84b29cad551983859e92bf8c226ce68130f257.msu"
      }
    ]
  },
  {
    "KBID": "KB4519985",
    "details": [
      {
        "bit": "64",
        "patch": "windows8-rt-kb4519985-x64_21189ed319b5d456e0684546ca99918f2e5e3493.msu"
      }
    ]
  },
  {
    "KBID": "KB4022718",
    "details": [
      {
        "bit": "64",
        "patch": "windows8-rt-kb4022718-x64_fb200a5c5c54a6a78f02d569a1fb31e2f5553dd7.msu"
      }
    ]
  },
  {
    "KBID": "KB3197876",
    "details": [
      {
        "bit": "64",
        "patch": "windows8-rt-kb3197876-x64_60de262a51976af49d1cfcf6b2f0468ff5896939.msu"
      }
    ]
  },
  {
    "KBID": "KB4038786",
    "details": [
      {
        "bit": "64",
        "patch": "windows8-rt-kb4038786-x64_325bce6c28e8a3b4e54cc5bd84663f5645578502.msu"
      }
    ]
  },
  {
    "KBID": "KB4471326",
    "details": [
      {
        "bit": "64",
        "patch": "windows8-rt-kb4471326-x64_202f0333a9e6c698dca3d26a96a825f2acb12c64.msu"
      }
    ]
  },
  {
    "KBID": "KB4284846",
    "details": [
      {
        "bit": "64",
        "patch": "windows8-rt-kb4284846-x64_3d0f2cce685308a7e0e43733d5b8fb5c14679a84.msu"
      }
    ]
  },
  {
    "KBID": "KB4507464",
    "details": [
      {
        "bit": "64",
        "patch": "windows8-rt-kb4507464-x64_1f0c7337ff165884bb23f078f9ed7376a7a29438.msu"
      }
    ]
  },
  {
    "KBID": "KB4338830",
    "details": [
      {
        "bit": "64",
        "patch": "windows8-rt-kb4338830-x64_4d96186096f22eba21c88bc1aa87d11d4184b0ec.msu"
      }
    ]
  },
  {
    "KBID": "KB3046017",
    "details": [
      {
        "bit": "64",
        "patch": "windows8-rt-kb3046017-x64_07875d4b4b52a1de1bcf00497fe952e811de289c.msu"
      }
    ]
  },
  {
    "KBID": "KB4512939",
    "details": [
      {
        "bit": "64",
        "patch": "windows8-rt-kb4512939-x64_b7ffc269fe92a4262d4b808be7a4aab728f192f6.msu"
      }
    ]
  },
  {
    "KBID": "KB4503263",
    "details": [
      {
        "bit": "64",
        "patch": "windows8-rt-kb4503263-x64_a91a258e1ebaf70e2974b8009a9c2382fcad1241.msu"
      }
    ]
  },
  {
    "KBID": "KB3126587",
    "details": [
      {
        "bit": "64",
        "patch": "windows8-rt-kb3126587-x64_57f2eaebd4b6e7873073794b4bdae1594ede4517.msu"
      }
    ]
  },
  {
    "KBID": "KB4338820",
    "details": [
      {
        "bit": "64",
        "patch": "windows8-rt-kb4338820-x64_d60bd40b1cfafbf1276176d0e1306d80299a43cb.msu"
      }
    ]
  },
  {
    "KBID": "KB4480972",
    "details": [
      {
        "bit": "64",
        "patch": "windows8-rt-kb4480972-x64_4aa4f97d51177a7a68dad63f00eec2ef4325adc2.msu"
      }
    ]
  },
  {
    "KBID": "KB3102939",
    "details": [
      {
        "bit": "64",
        "patch": "windows8-rt-kb3102939-x64_f56d7ad3e6f87f9b0dc35bc5723e42438e3ba187.msu"
      }
    ]
  },
  {
    "KBID": "KB4025343",
    "details": [
      {
        "bit": "64",
        "patch": "windows8-rt-kb4025343-x64_99f33c3b59704bf5fb1ad00b1dce2522646ffe2a.msu"
      }
    ]
  },
  {
    "KBID": "KB3055642",
    "details": [
      {
        "bit": "64",
        "patch": "windows8-rt-kb3055642-x64_b1ade85117948215f943f4f2b15c3399bf0837d7.msu"
      }
    ]
  },
  {
    "KBID": "KB4074589",
    "details": [
      {
        "bit": "64",
        "patch": "windows8-rt-kb4074589-x64_90b30f18331c8ee2c67957ba9e97ea0976897a6c.msu"
      }
    ]
  },
  {
    "KBID": "KB4041679",
    "details": [
      {
        "bit": "64",
        "patch": "windows8-rt-kb4041679-x64_93519e767e8a31b5d1b807113dbfbcff369c4616.msu"
      }
    ]
  },
  {
    "KBID": "KB3205408",
    "details": [
      {
        "bit": "64",
        "patch": "windows8-rt-kb3205408-x64_6386f2cea2da279c0ce73e13227ffd2c36e929a5.msu"
      }
    ]
  },
  {
    "KBID": "KB3133043",
    "details": [
      {
        "bit": "64",
        "patch": "windows8-rt-kb3133043-x64_8d265b3fa94c47d4f031bf4139208b20fafe3871.msu"
      }
    ]
  },
  {
    "KBID": "KB4343896",
    "details": [
      {
        "bit": "64",
        "patch": "windows8-rt-kb4343896-x64_2b5191907eaec74ebfb3508daa5c625c1627ea13.msu"
      }
    ]
  },
  {
    "KBID": "KB4093122",
    "details": [
      {
        "bit": "64",
        "patch": "windows8-rt-kb4093122-x64_0f0e6c82b902d9b5ef24bdf12ef414bc1cdda933.msu"
      }
    ]
  },
  {
    "KBID": "KB3109103",
    "details": [
      {
        "bit": "64",
        "patch": "windows8-rt-kb3109103-x64_89d61082bfda039da1d77d64c4519405925b77f5.msu"
      }
    ]
  },
  {
    "KBID": "KB4493450",
    "details": [
      {
        "bit": "64",
        "patch": "windows8-rt-kb4493450-x64_8872e1ed97455372554bd0d3fa9d63e8fb696ce6.msu"
      }
    ]
  },
  {
    "KBID": "KB4056899",
    "details": [
      {
        "bit": "64",
        "patch": "windows8-rt-kb4056899-x64_b9301e3d58c11eeb463ac69e3fae17250e3fc22c.msu"
      }
    ]
  },
  {
    "KBID": "KB4015548",
    "details": [
      {
        "bit": "64",
        "patch": "windows8-rt-kb4015548-x64_a8940ee070bcd9ed11b4a23ef3d9f53d94ccf1f4.msu"
      }
    ]
  },
  {
    "KBID": "KB4034666",
    "details": [
      {
        "bit": "64",
        "patch": "windows8-rt-kb4034666-x64_6b3a402284005b83891e6d48709a414438310614.msu"
      }
    ]
  },
  {
    "KBID": "KB3092601",
    "details": [
      {
        "bit": "64",
        "patch": "windows8-rt-kb3092601-x64_c3d7f5d57cd54a4d18be0f1f230621e929e1540a.msu"
      }
    ]
  },
  {
    "KBID": "KB4462931",
    "details": [
      {
        "bit": "64",
        "patch": "windows8-rt-kb4462931-x64_d25bbf33994dfa99925e56d0b362ebbd84b7b3e7.msu"
      }
    ]
  },
  {
    "KBID": "KB4019214",
    "details": [
      {
        "bit": "64",
        "patch": "windows8-rt-kb4019214-x64_ee252c5dd283ba1a7b11eb7033a86ce85f9e3e6a.msu"
      }
    ]
  },
  {
    "KBID": "KB4489884",
    "details": [
      {
        "bit": "64",
        "patch": "windows8-rt-kb4489884-x64_536a5243395eb8fa4c755199f7fb7f8486cb2518.msu"
      }
    ]
  },
  {
    "KBID": "KB4103726",
    "details": [
      {
        "bit": "64",
        "patch": "windows8-rt-kb4103726-x64_2d9c6de8c4ca8cf3966e05f870c6e0e75e7e609a.msu"
      }
    ]
  },
  {
    "KBID": "KB3061518",
    "details": [
      {
        "bit": "64",
        "patch": "windows8-rt-kb3061518-x64_6ba17f47f513682389475635ac02f8701642b133.msu"
      }
    ]
  },
  {
    "KBID": "KB3110329",
    "details": [
      {
        "bit": "64",
        "patch": "windows8-rt-kb3110329-x64_e37ce011c031cd04fb1d76f4e8079a59f3a78059.msu"
      }
    ]
  },
  {
    "KBID": "KB3035126",
    "details": [
      {
        "bit": "64",
        "patch": "windows8-rt-kb3035126-x64_5d6a620c7dec64494a5ca180612b8ea5693956e3.msu"
      }
    ]
  },
  {
    "KBID": "KB4486993",
    "details": [
      {
        "bit": "64",
        "patch": "windows8-rt-kb4486993-x64_ddbfb74d97665ac9b2eacdad348edb6308cc550e.msu"
      }
    ]
  },
  {
    "KBID": "KB3146723",
    "details": [
      {
        "bit": "64",
        "patch": "windows8-rt-kb3146723-x64_aad7e6ef3cd552b66d4928871fc364c36cfd9a47.msu"
      }
    ]
  },
  {
    "KBID": "KB3011780",
    "details": [
      {
        "bit": "64",
        "patch": "windows8-rt-kb3011780-x64_89320249b8456c1391d9be099886d5fe79487e73.msu"
      }
    ]
  },
  {
    "KBID": "KB3161949",
    "details": [
      {
        "bit": "64",
        "patch": "windows8-rt-kb3161949-x64_fd0d730f70653946886e358e9896364816937500.msu"
      }
    ]
  },
  {
    "KBID": "KB4499158",
    "details": [
      {
        "bit": "64",
        "patch": "windows8-rt-kb4499158-x64_d8e4d97e979726437bf3311d8e406204c28f4679.msu"
      }
    ]
  },
  {
    "KBID": "KB3126593",
    "details": [
      {
        "bit": "64",
        "patch": "windows8-rt-kb3126593-x64_86799c9cb6b66ad876f843405ec234b857165d71.msu"
      }
    ]
  },
  {
    "KBID": "KB4012214",
    "details": [
      {
        "bit": "64",
        "patch": "windows8-rt-kb4012214-x64_b14951d29cb4fd880948f5204d54721e64c9942b.msu"
      }
    ]
  },
  {
    "KBID": "KB4467678",
    "details": [
      {
        "bit": "64",
        "patch": "windows8-rt-kb4467678-x64_fe0d858289dfba2a18f8493c82e3d2ef4865fcfa.msu"
      }
    ]
  },
  {
    "KBID": "KB3084135",
    "details": [
      {
        "bit": "64",
        "patch": "windows8-rt-kb3084135-x64_be2e375d3def1c805c01b8678d8a169a7cf9965e.msu"
      }
    ]
  },
  {
    "KBID": "KB3155784",
    "details": [
      {
        "bit": "64",
        "patch": "windows8-rt-kb3155784-x64_8b008fca6133bfb97944f32c46ca30fa404fbd8e.msu"
      }
    ]
  },
  {
    "KBID": "KB3071756",
    "details": [
      {
        "bit": "64",
        "patch": "windows8-rt-kb3071756-x64_261fee52a8fb9966c6066de1c4fa9bd01b0e56d3.msu"
      }
    ]
  },
  {
    "KBID": "KB4048962",
    "details": [
      {
        "bit": "64",
        "patch": "windows8-rt-kb4048962-x64_fe19f0f287c30f98703788d9303da45a35e8b036.msu"
      }
    ]
  },
  {
    "KBID": "KB3081320",
    "details": [
      {
        "bit": "64",
        "patch": "windows8-rt-kb3081320-x64_d6abd461aa4b04306869d2e60dbdb983ba4fbe26.msu"
      }
    ]
  },
  {
    "KBID": "KB3010788",
    "details": [
      {
        "bit": "64",
        "patch": "windows8-rt-kb3010788-x64_45fd99c6f44f3998d1340f18b9ebc0c1a5856be1.msu"
      }
    ]
  },
  {
    "KBID": "KB2973201",
    "details": [
      {
        "bit": "64",
        "patch": "windows8-rt-kb2973201-x64_b8585599f803c130e8165c82dad0f76821a3ff7e.msu"
      }
    ]
  },
  {
    "KBID": "KB3021674",
    "details": [
      {
        "bit": "64",
        "patch": "windows8-rt-kb3021674-x64_c14cad06a9fdbceb5a9d10e3fcfa1f60caf2609b.msu"
      }
    ]
  },
  {
    "KBID": "KB3086255",
    "details": [
      {
        "bit": "64",
        "patch": "windows8-rt-kb3086255-x64_bcc14cce1da2d12dfe74f02206c0cc20fd112bd9.msu"
      }
    ]
  },
  {
    "KBID": "KB3139914",
    "details": [
      {
        "bit": "64",
        "patch": "windows8-rt-kb3139914-x64_6bad7f433012b695415a7e805764b5c5f8c39969.msu"
      }
    ]
  },
  {
    "KBID": "KB3159398",
    "details": [
      {
        "bit": "64",
        "patch": "windows8-rt-kb3159398-x64_a5ce0578667487b375079e85ae08390d1f57782b.msu"
      }
    ]
  },
  {
    "KBID": "KB3059317",
    "details": [
      {
        "bit": "64",
        "patch": "windows8-rt-kb3059317-x64_52a1dbabbc14312737bdd7414e61aeced02050cc.msu"
      }
    ]
  },
  {
    "KBID": "KB3045685",
    "details": [
      {
        "bit": "64",
        "patch": "windows8-rt-kb3045685-x64_6a4a1f930fe66fd4d9ab934a2fedf65b22ce81e6.msu"
      }
    ]
  },
  {
    "KBID": "KB3019978",
    "details": [
      {
        "bit": "64",
        "patch": "windows8-rt-kb3019978-x64_10641ec2c9e87fddf355757a20bfc22fadf7eaf0.msu"
      }
    ]
  },
  {
    "KBID": "KB3082089",
    "details": [
      {
        "bit": "64",
        "patch": "windows8-rt-kb3082089-x64_563182819a073d07d6f32e0f92b2c38e8291e993.msu"
      }
    ]
  },
  {
    "KBID": "KB3139398",
    "details": [
      {
        "bit": "64",
        "patch": "windows8-rt-kb3139398-x64_1a6536f3e1dca09ddd4ad146a863818be148e65b.msu"
      }
    ]
  },
  {
    "KBID": "KB3020393",
    "details": [
      {
        "bit": "64",
        "patch": "windows8-rt-kb3020393-x64_602aa1c0a9a1bc405ecdc848c040d1e7db0e0fbe.msu"
      }
    ]
  },
  {
    "KBID": "KB3014029",
    "details": [
      {
        "bit": "64",
        "patch": "windows8-rt-kb3014029-x64_9fc74c8a48202c3c1e2ee2131e0c0d78ee0b2950.msu"
      }
    ]
  },
  {
    "KBID": "KB2992611",
    "details": [
      {
        "bit": "64",
        "patch": "windows8-rt-kb3018238-x64_7ffb9cc7475e4f4ed0eeef9317f157f0e0ff66f4.msu,windows8-rt-kb2992611-x64_1c5c15b59fe9a42133aa55e4fed11c25c47a9cfe.msu"
      }
    ]
  },
  {
    "KBID": "KB2893294",
    "details": [
      {
        "bit": "64",
        "patch": "windows8-rt-kb2893294-x64_7bee47ae31def9e664e67ea95e6ba6b8799cfa7a.msu"
      }
    ]
  },
  {
    "KBID": "KB3004361",
    "details": [
      {
        "bit": "64",
        "patch": "windows8-rt-kb3004361-x64_2a0989250844bde3c2d1e86553d64e42f89be07d.msu"
      }
    ]
  },
  {
    "KBID": "KB4521857",
    "details": [
      {
        "bit": "64",
        "patch": "windows8-rt-kb4521857-x64_50f6015ca96c9d98838ce4ff09fbf41ea280324f.msu"
      }
    ]
  }
]