[
  {
    "KBID": "KB4519998",
    "details": [
      {
        "bit": "64",
        "patch": "windows10.0-kb4519998-x64_b62b591fe9a727817b9a7db57a135bd95a5cd423.msu"
      }
    ]
  },
  {
    "KBID": "KB4521858",
    "details": [
      {
        "bit": "64",
        "patch": "windows10.0-kb4521858-x64_4660e9135b9de2ec006aee76499588d729fbbc60.msu"
      }
    ]
  },
  {
    "KBID": "KB4507460",
    "details": [
      {
        "bit": "64",
        "patch": "windows10.0-kb4507460-x64_6d645b0420de6481c8cbad52885f70f7369cb662.msu"
      }
    ]
  },
  {
    "KBID": "KB4512574",
    "details": [
      {
        "bit": "64",
        "patch": "windows10.0-kb4512574-x64_70c6d50fa9b65aa7f7a1202145185f244f8425c7.msu"
      }
    ]
  }
]