[
  {
    "KBID": "KB4519338",
    "details": [
      {
        "bit": "64",
        "patch": "windows10.0-kb4519338-x64_1b204efff2438cabdf1e4017bf5061526b7b1fd4.msu"
      }
    ]
  },
  {
    "KBID": "KB4521862",
    "details": [
      {
        "bit": "64",
        "patch": "windows10.0-kb4521862-x64_bc8ec939f5cc57db5843b689be5ea12954c185cc.msu"
      }
    ]
  },
  {
    "KBID": "KB4512577",
    "details": [
      {
        "bit": "64",
        "patch": "windows10.0-kb4512577-x64_5b2f60d7e81ff707394fc99706178409ad5a4bd5.msu"
      }
    ]
  },
  {
    "KBID": "KB4507469",
    "details": [
      {
        "bit": "64",
        "patch": "windows10.0-kb4507469-x64_5f3dbb0a076f7113a16dbe218b821a9c1589c96a.msu"
      }
    ]
  }
]