[
    {
        "aid": "RHSA-2007:0640"
    },
    {
        "aid": "RHSA-2012:1081"
    },
    {
        "aid": "RHSA-2010:0141"
    },
    {
        "aid": "RHSA-2010:0383"
    },
    {
        "aid": "RHSA-2007:0883"
    },
    {
        "aid": "RHSA-2010:0140"
    },
    {
        "aid": "RHSA-2010:0382"
    },
    {
        "aid": "RHSA-2007:0403"
    },
    {
        "aid": "RHSA-2010:0144"
    },
    {
        "aid": "RHSA-2007:0406"
    },
    {
        "aid": "RHSA-2010:0147"
    },
    {
        "aid": "RHSA-2009:1337"
    },
    {
        "aid": "RHSA-2009:1579"
    },
    {
        "aid": "RHSA-2009:0008"
    },
    {
        "aid": "RHSA-2009:1339"
    },
    {
        "aid": "RHSA-2011:0196"
    },
    {
        "aid": "RHSA-2009:0004"
    },
    {
        "aid": "RHSA-2009:1335"
    },
    {
        "aid": "RHSA-2011:0199"
    },
    {
        "aid": "RHSA-2009:0003"
    },
    {
        "aid": "RHSA-2011:0198"
    },
    {
        "aid": "RHSA-2009:1571"
    },
    {
        "aid": "RHSA-2007:0890"
    },
    {
        "aid": "RHSA-2007:0892"
    },
    {
        "aid": "RHSA-2008:0218"
    },
    {
        "aid": "RHSA-2008:0214"
    },
    {
        "aid": "RHSA-2010:0398"
    },
    {
        "aid": "RHSA-2010:0155"
    },
    {
        "aid": "RHSA-2008:0210"
    },
    {
        "aid": "RHSA-2009:1109"
    },
    {
        "aid": "RHSA-2009:0259"
    },
    {
        "aid": "RHSA-2009:1106"
    },
    {
        "aid": "RHSA-2011:0182"
    },
    {
        "aid": "RHSA-2009:0016"
    },
    {
        "aid": "RHSA-2009:0018"
    },
    {
        "aid": "RHSA-2009:1107"
    },
    {
        "aid": "RHSA-2009:0013"
    },
    {
        "aid": "RHSA-2009:1102"
    },
    {
        "aid": "RHSA-2009:0012"
    },
    {
        "aid": "RHSA-2009:0015"
    },
    {
        "aid": "RHSA-2009:1582"
    },
    {
        "aid": "RHSA-2009:0011"
    },
    {
        "aid": "RHSA-2009:1100"
    },
    {
        "aid": "RHSA-2009:1584"
    },
    {
        "aid": "RHSA-2009:0010"
    },
    {
        "aid": "RHSA-2009:1341"
    },
    {
        "aid": "RHSA-2007:0860"
    },
    {
        "aid": "RHSA-2010:0162"
    },
    {
        "aid": "RHSA-2010:0166"
    },
    {
        "aid": "RHSA-2010:0165"
    },
    {
        "aid": "RHSA-2010:0164"
    },
    {
        "aid": "RHSA-2010:0168"
    },
    {
        "aid": "RHSA-2009:0225"
    },
    {
        "aid": "RHSA-2013:0807"
    },
    {
        "aid": "RHSA-2011:1065"
    },
    {
        "aid": "RHSA-2012:1090"
    },
    {
        "aid": "RHSA-2007:0871"
    },
    {
        "aid": "RHSA-2009:0480"
    },
    {
        "aid": "RHSA-2007:0631"
    },
    {
        "aid": "RHSA-2007:0873"
    },
    {
        "aid": "RHSA-2007:0875"
    },
    {
        "aid": "RHSA-2010:0178"
    },
    {
        "aid": "RHSA-2012:1097"
    },
    {
        "aid": "RHSA-2009:0479"
    },
    {
        "aid": "RHSA-2009:0478"
    },
    {
        "aid": "RHSA-2009:0474"
    },
    {
        "aid": "RHSA-2009:1321"
    },
    {
        "aid": "RHSA-2009:0476"
    },
    {
        "aid": "RHSA-2009:1560"
    },
    {
        "aid": "RHSA-2009:0473"
    },
    {
        "aid": "RHSA-2009:1561"
    },
    {
        "aid": "RHSA-2009:1140"
    },
    {
        "aid": "RHSA-2008:0008"
    },
    {
        "aid": "RHSA-2010:0580"
    },
    {
        "aid": "RHSA-2008:0489"
    },
    {
        "aid": "RHSA-2010:0101"
    },
    {
        "aid": "RHSA-2010:0343"
    },
    {
        "aid": "RHSA-2010:0585"
    },
    {
        "aid": "RHSA-2012:1043"
    },
    {
        "aid": "RHSA-2008:0003"
    },
    {
        "aid": "RHSA-2008:0245"
    },
    {
        "aid": "RHSA-2008:0002"
    },
    {
        "aid": "RHSA-2008:0244"
    },
    {
        "aid": "RHSA-2008:0486"
    },
    {
        "aid": "RHSA-2012:1045"
    },
    {
        "aid": "RHSA-2008:0243"
    },
    {
        "aid": "RHSA-2008:0485"
    },
    {
        "aid": "RHSA-2010:0347"
    },
    {
        "aid": "RHSA-2012:1288"
    },
    {
        "aid": "RHSA-2012:1047"
    },
    {
        "aid": "RHSA-2010:0102"
    },
    {
        "aid": "RHSA-2010:0339"
    },
    {
        "aid": "RHSA-2010:0338"
    },
    {
        "aid": "RHSA-2010:0337"
    },
    {
        "aid": "RHSA-2009:1139"
    },
    {
        "aid": "RHSA-2009:1138"
    },
    {
        "aid": "RHSA-2011:0392"
    },
    {
        "aid": "RHSA-2009:0046"
    },
    {
        "aid": "RHSA-2011:0153"
    },
    {
        "aid": "RHSA-2011:0153"
    },
    {
        "aid": "RHSA-2009:0382"
    },
    {
        "aid": "RHSA-2011:0152"
    },
    {
        "aid": "RHSA-2011:0394"
    },
    {
        "aid": "RHSA-2011:1241"
    },
    {
        "aid": "RHSA-2011:0154"
    },
    {
        "aid": "RHSA-2011:1000"
    },
    {
        "aid": "RHSA-2011:1000"
    },
    {
        "aid": "RHSA-2011:1005"
    },
    {
        "aid": "RHSA-2009:1130"
    },
    {
        "aid": "RHSA-2011:1245"
    },
    {
        "aid": "RHSA-2007:0696"
    },
    {
        "aid": "RHSA-2008:0498"
    },
    {
        "aid": "RHSA-2008:0497"
    },
    {
        "aid": "RHSA-2010:0115"
    },
    {
        "aid": "RHSA-2012:1036"
    },
    {
        "aid": "RHSA-2010:0114"
    },
    {
        "aid": "RHSA-2010:0356"
    },
    {
        "aid": "RHSA-2012:1037"
    },
    {
        "aid": "RHSA-2010:0109"
    },
    {
        "aid": "RHSA-2010:0108"
    },
    {
        "aid": "RHSA-2010:0349"
    },
    {
        "aid": "RHSA-2010:0348"
    },
    {
        "aid": "RHSA-2009:0057"
    },
    {
        "aid": "RHSA-2009:1148"
    },
    {
        "aid": "RHSA-2011:1478"
    },
    {
        "aid": "RHSA-2011:1479"
    },
    {
        "aid": "RHSA-2009:0296"
    },
    {
        "aid": "RHSA-2009:0271"
    },
    {
        "aid": "RHSA-2011:1019"
    },
    {
        "aid": "RHSA-2010:0361"
    },
    {
        "aid": "RHSA-2010:0360"
    },
    {
        "aid": "RHSA-2012:1061"
    },
    {
        "aid": "RHSA-2010:0122"
    },
    {
        "aid": "RHSA-2010:0362"
    },
    {
        "aid": "RHSA-2008:0221"
    },
    {
        "aid": "RHSA-2010:0126"
    },
    {
        "aid": "RHSA-2010:0124"
    },
    {
        "aid": "RHSA-2009:1116"
    },
    {
        "aid": "RHSA-2011:0170"
    },
    {
        "aid": "RHSA-2009:0267"
    },
    {
        "aid": "RHSA-2011:0176"
    },
    {
        "aid": "RHSA-2009:0020"
    },
    {
        "aid": "RHSA-2009:0261"
    },
    {
        "aid": "RHSA-2009:0264"
    },
    {
        "aid": "RHSA-2009:1595"
    },
    {
        "aid": "RHSA-2009:1595"
    },
    {
        "aid": "RHSA-2009:1595"
    },
    {
        "aid": "RHSA-2010:0130"
    },
    {
        "aid": "RHSA-2007:0674"
    },
    {
        "aid": "RHSA-2008:0239"
    },
    {
        "aid": "RHSA-2008:0235"
    },
    {
        "aid": "RHSA-2012:1054"
    },
    {
        "aid": "RHSA-2008:0233"
    },
    {
        "aid": "RHSA-2013:1090"
    },
    {
        "aid": "RHSA-2010:0129"
    },
    {
        "aid": "RHSA-2009:1127"
    },
    {
        "aid": "RHSA-2009:1123"
    },
    {
        "aid": "RHSA-2011:0163"
    },
    {
        "aid": "RHSA-2009:1122"
    },
    {
        "aid": "RHSA-2009:1364"
    },
    {
        "aid": "RHSA-2011:0169"
    },
    {
        "aid": "RHSA-2008:0849"
    },
    {
        "aid": "RHSA-2013:0870"
    },
    {
        "aid": "RHSA-2008:0847"
    },
    {
        "aid": "RHSA-2009:0408"
    },
    {
        "aid": "RHSA-2009:0402"
    },
    {
        "aid": "RHSA-2013:0621"
    },
    {
        "aid": "RHSA-2008:0612"
    },
    {
        "aid": "RHSA-2007:0817"
    },
    {
        "aid": "RHSA-2009:1505"
    },
    {
        "aid": "RHSA-2009:1502"
    },
    {
        "aid": "RHSA-2009:1504"
    },
    {
        "aid": "RHSA-2013:0614"
    },
    {
        "aid": "RHSA-2009:0411"
    },
    {
        "aid": "RHSA-2013:0611"
    },
    {
        "aid": "RHSA-2013:0646"
    },
    {
        "aid": "RHSA-2008:0836"
    },
    {
        "aid": "RHSA-2013:0883"
    },
    {
        "aid": "RHSA-2008:0835"
    },
    {
        "aid": "RHSA-2013:0640"
    },
    {
        "aid": "RHSA-2008:0839"
    },
    {
        "aid": "RHSA-2010:0181"
    },
    {
        "aid": "RHSA-2008:0649"
    },
    {
        "aid": "RHSA-2008:0648"
    },
    {
        "aid": "RHSA-2008:0885"
    },
    {
        "aid": "RHSA-2008:0884"
    },
    {
        "aid": "RHSA-2008:0641"
    },
    {
        "aid": "RHSA-2007:0845"
    },
    {
        "aid": "RHSA-2007:0848"
    },
    {
        "aid": "RHSA-2013:0827"
    },
    {
        "aid": "RHSA-2009:0445"
    },
    {
        "aid": "RHSA-2009:0205"
    },
    {
        "aid": "RHSA-2009:1536"
    },
    {
        "aid": "RHSA-2011:1089"
    },
    {
        "aid": "RHSA-2009:0444"
    },
    {
        "aid": "RHSA-2011:1087"
    },
    {
        "aid": "RHSA-2008:0897"
    },
    {
        "aid": "RHSA-2010:0198"
    },
    {
        "aid": "RHSA-2008:0893"
    },
    {
        "aid": "RHSA-2008:0892"
    },
    {
        "aid": "RHSA-2007:0858"
    },
    {
        "aid": "RHSA-2008:0891"
    },
    {
        "aid": "RHSA-2008:0890"
    },
    {
        "aid": "RHSA-2009:1307"
    },
    {
        "aid": "RHSA-2009:1549"
    },
    {
        "aid": "RHSA-2009:0457"
    },
    {
        "aid": "RHSA-2013:0815"
    },
    {
        "aid": "RHSA-2009:1548"
    },
    {
        "aid": "RHSA-2011:1073"
    },
    {
        "aid": "RHSA-2007:0829"
    },
    {
        "aid": "RHSA-2009:0427"
    },
    {
        "aid": "RHSA-2009:0429"
    },
    {
        "aid": "RHSA-2009:1513"
    },
    {
        "aid": "RHSA-2013:0608"
    },
    {
        "aid": "RHSA-2013:0603"
    },
    {
        "aid": "RHSA-2013:0847"
    },
    {
        "aid": "RHSA-2009:0421"
    },
    {
        "aid": "RHSA-2013:0604"
    },
    {
        "aid": "RHSA-2009:1529"
    },
    {
        "aid": "RHSA-2009:0431"
    },
    {
        "aid": "RHSA-2011:0869"
    },
    {
        "aid": "RHSA-2007:1059"
    },
    {
        "aid": "RHSA-2012:0428"
    },
    {
        "aid": "RHSA-2012:0426"
    },
    {
        "aid": "RHSA-2012:1512"
    },
    {
        "aid": "RHSA-2010:0811"
    },
    {
        "aid": "RHSA-2010:0819"
    },
    {
        "aid": "RHSA-2013:1791"
    },
    {
        "aid": "RHSA-2011:0857"
    },
    {
        "aid": "RHSA-2013:1790"
    },
    {
        "aid": "RHSA-2010:0825"
    },
    {
        "aid": "RHSA-2010:0829"
    },
    {
        "aid": "RHSA-2013:1307"
    },
    {
        "aid": "RHSA-2013:1307"
    },
    {
        "aid": "RHSA-2011:0860"
    },
    {
        "aid": "RHSA-2013:0216"
    },
    {
        "aid": "RHSA-2013:1302"
    },
    {
        "aid": "RHSA-2013:0250"
    },
    {
        "aid": "RHSA-2007:1037"
    },
    {
        "aid": "RHSA-2012:1540"
    },
    {
        "aid": "RHSA-2010:0839"
    },
    {
        "aid": "RHSA-2012:0451"
    },
    {
        "aid": "RHSA-2012:0690"
    },
    {
        "aid": "RHSA-2007:1041"
    },
    {
        "aid": "RHSA-2013:0247"
    },
    {
        "aid": "RHSA-2013:0246"
    },
    {
        "aid": "RHSA-2011:0412"
    },
    {
        "aid": "RHSA-2007:1045"
    },
    {
        "aid": "RHSA-2007:1048"
    },
    {
        "aid": "RHSA-2013:0241"
    },
    {
        "aid": "RHSA-2010:0610"
    },
    {
        "aid": "RHSA-2012:0678"
    },
    {
        "aid": "RHSA-2012:0677"
    },
    {
        "aid": "RHSA-2012:0434"
    },
    {
        "aid": "RHSA-2012:0676"
    },
    {
        "aid": "RHSA-2010:0603"
    },
    {
        "aid": "RHSA-2010:0607"
    },
    {
        "aid": "RHSA-2007:1052"
    },
    {
        "aid": "RHSA-2007:1051"
    },
    {
        "aid": "RHSA-2013:0668"
    },
    {
        "aid": "RHSA-2008:0815"
    },
    {
        "aid": "RHSA-2008:0812"
    },
    {
        "aid": "RHSA-2013:1505"
    },
    {
        "aid": "RHSA-2008:0818"
    },
    {
        "aid": "RHSA-2013:0898"
    },
    {
        "aid": "RHSA-2007:1078"
    },
    {
        "aid": "RHSA-2011:0844"
    },
    {
        "aid": "RHSA-2013:0690"
    },
    {
        "aid": "RHSA-2012:0407"
    },
    {
        "aid": "RHSA-2012:0411"
    },
    {
        "aid": "RHSA-2013:1779"
    },
    {
        "aid": "RHSA-2011:0850"
    },
    {
        "aid": "RHSA-2013:1778"
    },
    {
        "aid": "RHSA-2013:0683"
    },
    {
        "aid": "RHSA-2013:0685"
    },
    {
        "aid": "RHSA-2011:0833"
    },
    {
        "aid": "RHSA-2011:0838"
    },
    {
        "aid": "RHSA-2014:0474"
    },
    {
        "aid": "RHSA-2010:0809"
    },
    {
        "aid": "RHSA-2010:0807"
    },
    {
        "aid": "RHSA-2007:1095"
    },
    {
        "aid": "RHSA-2011:0841"
    },
    {
        "aid": "RHSA-2009:1061"
    },
    {
        "aid": "RHSA-2011:1317"
    },
    {
        "aid": "RHSA-2009:1060"
    },
    {
        "aid": "RHSA-2007:0123"
    },
    {
        "aid": "RHSA-2013:1166"
    },
    {
        "aid": "RHSA-2007:0124"
    },
    {
        "aid": "RHSA-2007:0127"
    },
    {
        "aid": "RHSA-2007:0368"
    },
    {
        "aid": "RHSA-2008:1018"
    },
    {
        "aid": "RHSA-2008:1017"
    },
    {
        "aid": "RHSA-2012:1361"
    },
    {
        "aid": "RHSA-2008:1016"
    },
    {
        "aid": "RHSA-2010:0661"
    },
    {
        "aid": "RHSA-2012:1363"
    },
    {
        "aid": "RHSA-2012:1122"
    },
    {
        "aid": "RHSA-2012:1364"
    },
    {
        "aid": "RHSA-2012:1123"
    },
    {
        "aid": "RHSA-2010:0423"
    },
    {
        "aid": "RHSA-2008:0164"
    },
    {
        "aid": "RHSA-2010:0659"
    },
    {
        "aid": "RHSA-2012:1116"
    },
    {
        "aid": "RHSA-2010:0898"
    },
    {
        "aid": "RHSA-2012:0034"
    },
    {
        "aid": "RHSA-2012:0033"
    },
    {
        "aid": "RHSA-2011:1324"
    },
    {
        "aid": "RHSA-2011:0478"
    },
    {
        "aid": "RHSA-2007:0132"
    },
    {
        "aid": "RHSA-2007:0131"
    },
    {
        "aid": "RHSA-2007:0376"
    },
    {
        "aid": "RHSA-2013:1156"
    },
    {
        "aid": "RHSA-2012:1590"
    },
    {
        "aid": "RHSA-2008:1029"
    },
    {
        "aid": "RHSA-2010:0430"
    },
    {
        "aid": "RHSA-2008:1025"
    },
    {
        "aid": "RHSA-2008:0177"
    },
    {
        "aid": "RHSA-2012:0019"
    },
    {
        "aid": "RHSA-2008:1023"
    },
    {
        "aid": "RHSA-2008:0175"
    },
    {
        "aid": "RHSA-2010:0675"
    },
    {
        "aid": "RHSA-2012:0017"
    },
    {
        "aid": "RHSA-2010:0429"
    },
    {
        "aid": "RHSA-2011:1797"
    },
    {
        "aid": "RHSA-2009:1066"
    },
    {
        "aid": "RHSA-2007:0343"
    },
    {
        "aid": "RHSA-2007:0342"
    },
    {
        "aid": "RHSA-2007:0345"
    },
    {
        "aid": "RHSA-2007:0344"
    },
    {
        "aid": "RHSA-2007:0347"
    },
    {
        "aid": "RHSA-2007:0346"
    },
    {
        "aid": "RHSA-2012:1140"
    },
    {
        "aid": "RHSA-2007:0107"
    },
    {
        "aid": "RHSA-2010:0442"
    },
    {
        "aid": "RHSA-2007:0348"
    },
    {
        "aid": "RHSA-2008:0389"
    },
    {
        "aid": "RHSA-2008:0146"
    },
    {
        "aid": "RHSA-2012:1385"
    },
    {
        "aid": "RHSA-2008:0145"
    },
    {
        "aid": "RHSA-2008:0144"
    },
    {
        "aid": "RHSA-2010:0679"
    },
    {
        "aid": "RHSA-2011:0490"
    },
    {
        "aid": "RHSA-2009:1039"
    },
    {
        "aid": "RHSA-2011:0492"
    },
    {
        "aid": "RHSA-2009:1036"
    },
    {
        "aid": "RHSA-2009:1278"
    },
    {
        "aid": "RHSA-2012:0051"
    },
    {
        "aid": "RHSA-2009:1038"
    },
    {
        "aid": "RHSA-2011:0496"
    },
    {
        "aid": "RHSA-2011:1104"
    },
    {
        "aid": "RHSA-2011:0013"
    },
    {
        "aid": "RHSA-2011:0257"
    },
    {
        "aid": "RHSA-2007:0354"
    },
    {
        "aid": "RHSA-2011:1326"
    },
    {
        "aid": "RHSA-2007:0595"
    },
    {
        "aid": "RHSA-2007:0114"
    },
    {
        "aid": "RHSA-2007:0356"
    },
    {
        "aid": "RHSA-2007:0358"
    },
    {
        "aid": "RHSA-2008:0159"
    },
    {
        "aid": "RHSA-2012:1130"
    },
    {
        "aid": "RHSA-2008:0157"
    },
    {
        "aid": "RHSA-2008:0156"
    },
    {
        "aid": "RHSA-2008:0155"
    },
    {
        "aid": "RHSA-2008:0154"
    },
    {
        "aid": "RHSA-2008:1001"
    },
    {
        "aid": "RHSA-2010:0698"
    },
    {
        "aid": "RHSA-2010:0697"
    },
    {
        "aid": "RHSA-2012:1136"
    },
    {
        "aid": "RHSA-2010:0449"
    },
    {
        "aid": "RHSA-2009:1289"
    },
    {
        "aid": "RHSA-2011:0486"
    },
    {
        "aid": "RHSA-2011:1333"
    },
    {
        "aid": "RHSA-2011:0004"
    },
    {
        "aid": "RHSA-2013:0275"
    },
    {
        "aid": "RHSA-2007:0167"
    },
    {
        "aid": "RHSA-2011:0427"
    },
    {
        "aid": "RHSA-2007:0166"
    },
    {
        "aid": "RHSA-2007:0169"
    },
    {
        "aid": "RHSA-2011:0429"
    },
    {
        "aid": "RHSA-2013:1121"
    },
    {
        "aid": "RHSA-2013:0274"
    },
    {
        "aid": "RHSA-2007:1017"
    },
    {
        "aid": "RHSA-2013:0270"
    },
    {
        "aid": "RHSA-2012:0469"
    },
    {
        "aid": "RHSA-2012:0468"
    },
    {
        "aid": "RHSA-2012:1323"
    },
    {
        "aid": "RHSA-2012:0467"
    },
    {
        "aid": "RHSA-2010:0615"
    },
    {
        "aid": "RHSA-2012:0474"
    },
    {
        "aid": "RHSA-2010:0616"
    },
    {
        "aid": "RHSA-2007:1021"
    },
    {
        "aid": "RHSA-2013:1115"
    },
    {
        "aid": "RHSA-2007:1020"
    },
    {
        "aid": "RHSA-2007:1027"
    },
    {
        "aid": "RHSA-2011:1508"
    },
    {
        "aid": "RHSA-2007:1026"
    },
    {
        "aid": "RHSA-2010:0633"
    },
    {
        "aid": "RHSA-2010:0632"
    },
    {
        "aid": "RHSA-2012:0699"
    },
    {
        "aid": "RHSA-2012:0466"
    },
    {
        "aid": "RHSA-2010:0625"
    },
    {
        "aid": "RHSA-2012:0465"
    },
    {
        "aid": "RHSA-2010:0623"
    },
    {
        "aid": "RHSA-2010:0627"
    },
    {
        "aid": "RHSA-2011:0422"
    },
    {
        "aid": "RHSA-2007:0385"
    },
    {
        "aid": "RHSA-2009:1082"
    },
    {
        "aid": "RHSA-2007:0386"
    },
    {
        "aid": "RHSA-2007:0389"
    },
    {
        "aid": "RHSA-2012:0007"
    },
    {
        "aid": "RHSA-2012:1102"
    },
    {
        "aid": "RHSA-2008:0186"
    },
    {
        "aid": "RHSA-2010:0400"
    },
    {
        "aid": "RHSA-2012:0006"
    },
    {
        "aid": "RHSA-2008:0194"
    },
    {
        "aid": "RHSA-2010:0636"
    },
    {
        "aid": "RHSA-2008:0192"
    },
    {
        "aid": "RHSA-2012:0011"
    },
    {
        "aid": "RHSA-2011:0451"
    },
    {
        "aid": "RHSA-2007:0150"
    },
    {
        "aid": "RHSA-2007:0391"
    },
    {
        "aid": "RHSA-2009:1075"
    },
    {
        "aid": "RHSA-2011:0436"
    },
    {
        "aid": "RHSA-2013:1135"
    },
    {
        "aid": "RHSA-2007:0153"
    },
    {
        "aid": "RHSA-2007:0395"
    },
    {
        "aid": "RHSA-2007:0158"
    },
    {
        "aid": "RHSA-2007:0157"
    },
    {
        "aid": "RHSA-2010:0651"
    },
    {
        "aid": "RHSA-2008:1047"
    },
    {
        "aid": "RHSA-2008:1047"
    },
    {
        "aid": "RHSA-2008:0197"
    },
    {
        "aid": "RHSA-2008:0197"
    },
    {
        "aid": "RHSA-2008:0197"
    },
    {
        "aid": "RHSA-2010:0652"
    },
    {
        "aid": "RHSA-2010:0894"
    },
    {
        "aid": "RHSA-2010:0889"
    },
    {
        "aid": "RHSA-2012:1327"
    },
    {
        "aid": "RHSA-2012:0480"
    },
    {
        "aid": "RHSA-2007:0520"
    },
    {
        "aid": "RHSA-2008:0561"
    },
    {
        "aid": "RHSA-2009:1219"
    },
    {
        "aid": "RHSA-2010:0019"
    },
    {
        "aid": "RHSA-2010:0018"
    },
    {
        "aid": "RHSA-2009:0369"
    },
    {
        "aid": "RHSA-2009:1218"
    },
    {
        "aid": "RHSA-2011:1160"
    },
    {
        "aid": "RHSA-2009:1459"
    },
    {
        "aid": "RHSA-2009:1453"
    },
    {
        "aid": "RHSA-2009:1455"
    },
    {
        "aid": "RHSA-2009:0361"
    },
    {
        "aid": "RHSA-2009:1452"
    },
    {
        "aid": "RHSA-2009:1694"
    },
    {
        "aid": "RHSA-2009:1451"
    },
    {
        "aid": "RHSA-2010:0273"
    },
    {
        "aid": "RHSA-2010:0271"
    },
    {
        "aid": "RHSA-2007:0777"
    },
    {
        "aid": "RHSA-2008:0575"
    },
    {
        "aid": "RHSA-2010:0039"
    },
    {
        "aid": "RHSA-2007:0539"
    },
    {
        "aid": "RHSA-2010:0037"
    },
    {
        "aid": "RHSA-2008:0580"
    },
    {
        "aid": "RHSA-2010:0029"
    },
    {
        "aid": "RHSA-2011:1392"
    },
    {
        "aid": "RHSA-2011:1392"
    },
    {
        "aid": "RHSA-2009:0376"
    },
    {
        "aid": "RHSA-2009:1465"
    },
    {
        "aid": "RHSA-2009:1222"
    },
    {
        "aid": "RHSA-2009:0377"
    },
    {
        "aid": "RHSA-2011:1154"
    },
    {
        "aid": "RHSA-2011:1159"
    },
    {
        "aid": "RHSA-2009:1463"
    },
    {
        "aid": "RHSA-2009:0373"
    },
    {
        "aid": "RHSA-2007:0740"
    },
    {
        "aid": "RHSA-2008:0789"
    },
    {
        "aid": "RHSA-2007:0501"
    },
    {
        "aid": "RHSA-2010:0040"
    },
    {
        "aid": "RHSA-2008:0544"
    },
    {
        "aid": "RHSA-2010:0046"
    },
    {
        "aid": "RHSA-2008:0300"
    },
    {
        "aid": "RHSA-2010:0044"
    },
    {
        "aid": "RHSA-2007:0746"
    },
    {
        "aid": "RHSA-2009:0345"
    },
    {
        "aid": "RHSA-2009:0344"
    },
    {
        "aid": "RHSA-2011:1187"
    },
    {
        "aid": "RHSA-2009:1670"
    },
    {
        "aid": "RHSA-2009:0341"
    },
    {
        "aid": "RHSA-2010:0291"
    },
    {
        "aid": "RHSA-2007:0992"
    },
    {
        "aid": "RHSA-2007:0510"
    },
    {
        "aid": "RHSA-2007:0993"
    },
    {
        "aid": "RHSA-2008:0556"
    },
    {
        "aid": "RHSA-2008:0555"
    },
    {
        "aid": "RHSA-2007:0513"
    },
    {
        "aid": "RHSA-2007:0513"
    },
    {
        "aid": "RHSA-2010:0054"
    },
    {
        "aid": "RHSA-2008:0790"
    },
    {
        "aid": "RHSA-2009:1209"
    },
    {
        "aid": "RHSA-2009:1204"
    },
    {
        "aid": "RHSA-2009:1206"
    },
    {
        "aid": "RHSA-2009:0354"
    },
    {
        "aid": "RHSA-2009:1201"
    },
    {
        "aid": "RHSA-2009:1200"
    },
    {
        "aid": "RHSA-2009:1203"
    },
    {
        "aid": "RHSA-2009:0352"
    },
    {
        "aid": "RHSA-2011:0028"
    },
    {
        "aid": "RHSA-2011:1359"
    },
    {
        "aid": "RHSA-2007:0562"
    },
    {
        "aid": "RHSA-2007:0323"
    },
    {
        "aid": "RHSA-2008:0129"
    },
    {
        "aid": "RHSA-2007:0327"
    },
    {
        "aid": "RHSA-2007:0569"
    },
    {
        "aid": "RHSA-2010:0464"
    },
    {
        "aid": "RHSA-2010:0221"
    },
    {
        "aid": "RHSA-2008:0123"
    },
    {
        "aid": "RHSA-2008:0364"
    },
    {
        "aid": "RHSA-2010:0459"
    },
    {
        "aid": "RHSA-2010:0458"
    },
    {
        "aid": "RHSA-2009:1499"
    },
    {
        "aid": "RHSA-2012:0070"
    },
    {
        "aid": "RHSA-2011:0017"
    },
    {
        "aid": "RHSA-2011:1109"
    },
    {
        "aid": "RHSA-2011:1349"
    },
    {
        "aid": "RHSA-2007:0336"
    },
    {
        "aid": "RHSA-2007:0338"
    },
    {
        "aid": "RHSA-2010:0475"
    },
    {
        "aid": "RHSA-2008:0136"
    },
    {
        "aid": "RHSA-2010:0237"
    },
    {
        "aid": "RHSA-2008:0132"
    },
    {
        "aid": "RHSA-2012:1149"
    },
    {
        "aid": "RHSA-2012:0060"
    },
    {
        "aid": "RHSA-2011:0025"
    },
    {
        "aid": "RHSA-2011:0027"
    },
    {
        "aid": "RHSA-2009:0392"
    },
    {
        "aid": "RHSA-2012:1181"
    },
    {
        "aid": "RHSA-2007:0542"
    },
    {
        "aid": "RHSA-2010:0002"
    },
    {
        "aid": "RHSA-2008:0100"
    },
    {
        "aid": "RHSA-2008:0584"
    },
    {
        "aid": "RHSA-2008:0583"
    },
    {
        "aid": "RHSA-2010:0489"
    },
    {
        "aid": "RHSA-2010:0488"
    },
    {
        "aid": "RHSA-2008:0581"
    },
    {
        "aid": "RHSA-2010:0003"
    },
    {
        "aid": "RHSA-2011:0290"
    },
    {
        "aid": "RHSA-2009:1238"
    },
    {
        "aid": "RHSA-2011:0292"
    },
    {
        "aid": "RHSA-2011:0291"
    },
    {
        "aid": "RHSA-2011:1380"
    },
    {
        "aid": "RHSA-2011:1144"
    },
    {
        "aid": "RHSA-2011:1386"
    },
    {
        "aid": "RHSA-2012:0095"
    },
    {
        "aid": "RHSA-2009:1236"
    },
    {
        "aid": "RHSA-2011:1384"
    },
    {
        "aid": "RHSA-2012:0093"
    },
    {
        "aid": "RHSA-2011:1385"
    },
    {
        "aid": "RHSA-2012:0092"
    },
    {
        "aid": "RHSA-2009:1472"
    },
    {
        "aid": "RHSA-2009:0382"
    },
    {
        "aid": "RHSA-2009:1471"
    },
    {
        "aid": "RHSA-2009:1232"
    },
    {
        "aid": "RHSA-2009:1490"
    },
    {
        "aid": "RHSA-2007:0556"
    },
    {
        "aid": "RHSA-2007:0555"
    },
    {
        "aid": "RHSA-2010:0490"
    },
    {
        "aid": "RHSA-2012:1174"
    },
    {
        "aid": "RHSA-2007:0559"
    },
    {
        "aid": "RHSA-2008:0595"
    },
    {
        "aid": "RHSA-2008:0110"
    },
    {
        "aid": "RHSA-2008:0594"
    },
    {
        "aid": "RHSA-2010:0258"
    },
    {
        "aid": "RHSA-2011:1371"
    },
    {
        "aid": "RHSA-2011:0282"
    },
    {
        "aid": "RHSA-2011:1132"
    },
    {
        "aid": "RHSA-2009:0394"
    },
    {
        "aid": "RHSA-2009:1243"
    },
    {
        "aid": "RHSA-2011:1377"
    },
    {
        "aid": "RHSA-2009:1484"
    },
    {
        "aid": "RHSA-2011:1378"
    },
    {
        "aid": "RHSA-2008:0967"
    },
    {
        "aid": "RHSA-2008:0965"
    },
    {
        "aid": "RHSA-2012:0705"
    },
    {
        "aid": "RHSA-2009:1619"
    },
    {
        "aid": "RHSA-2011:0909"
    },
    {
        "aid": "RHSA-2009:1615"
    },
    {
        "aid": "RHSA-2013:0747"
    },
    {
        "aid": "RHSA-2013:0983"
    },
    {
        "aid": "RHSA-2008:0974"
    },
    {
        "aid": "RHSA-2007:0932"
    },
    {
        "aid": "RHSA-2008:0971"
    },
    {
        "aid": "RHSA-2007:0933"
    },
    {
        "aid": "RHSA-2007:0936"
    },
    {
        "aid": "RHSA-2007:0936"
    },
    {
        "aid": "RHSA-2009:1625"
    },
    {
        "aid": "RHSA-2013:0737"
    },
    {
        "aid": "RHSA-2009:1620"
    },
    {
        "aid": "RHSA-2013:0771"
    },
    {
        "aid": "RHSA-2013:0771"
    },
    {
        "aid": "RHSA-2013:0770"
    },
    {
        "aid": "RHSA-2008:0946"
    },
    {
        "aid": "RHSA-2008:0945"
    },
    {
        "aid": "RHSA-2013:1860"
    },
    {
        "aid": "RHSA-2011:0927"
    },
    {
        "aid": "RHSA-2007:0905"
    },
    {
        "aid": "RHSA-2012:0721"
    },
    {
        "aid": "RHSA-2012:0730"
    },
    {
        "aid": "RHSA-2007:0909"
    },
    {
        "aid": "RHSA-2013:0769"
    },
    {
        "aid": "RHSA-2008:0957"
    },
    {
        "aid": "RHSA-2008:0955"
    },
    {
        "aid": "RHSA-2012:0717"
    },
    {
        "aid": "RHSA-2012:0716"
    },
    {
        "aid": "RHSA-2009:1601"
    },
    {
        "aid": "RHSA-2013:0752"
    },
    {
        "aid": "RHSA-2008:0529"
    },
    {
        "aid": "RHSA-2007:0960"
    },
    {
        "aid": "RHSA-2007:0721"
    },
    {
        "aid": "RHSA-2007:0963"
    },
    {
        "aid": "RHSA-2010:0062"
    },
    {
        "aid": "RHSA-2007:0720"
    },
    {
        "aid": "RHSA-2010:0061"
    },
    {
        "aid": "RHSA-2007:0965"
    },
    {
        "aid": "RHSA-2008:0522"
    },
    {
        "aid": "RHSA-2007:0964"
    },
    {
        "aid": "RHSA-2007:0967"
    },
    {
        "aid": "RHSA-2007:0966"
    },
    {
        "aid": "RHSA-2007:0969"
    },
    {
        "aid": "RHSA-2007:0729"
    },
    {
        "aid": "RHSA-2009:1659"
    },
    {
        "aid": "RHSA-2009:0326"
    },
    {
        "aid": "RHSA-2009:1657"
    },
    {
        "aid": "RHSA-2013:0942"
    },
    {
        "aid": "RHSA-2008:0537"
    },
    {
        "aid": "RHSA-2007:0732"
    },
    {
        "aid": "RHSA-2007:0731"
    },
    {
        "aid": "RHSA-2008:0533"
    },
    {
        "aid": "RHSA-2007:0975"
    },
    {
        "aid": "RHSA-2009:0339"
    },
    {
        "aid": "RHSA-2009:1428"
    },
    {
        "aid": "RHSA-2009:0336"
    },
    {
        "aid": "RHSA-2011:1196"
    },
    {
        "aid": "RHSA-2009:0338"
    },
    {
        "aid": "RHSA-2009:1427"
    },
    {
        "aid": "RHSA-2009:1426"
    },
    {
        "aid": "RHSA-2009:0332"
    },
    {
        "aid": "RHSA-2009:0333"
    },
    {
        "aid": "RHSA-2008:0504"
    },
    {
        "aid": "RHSA-2008:0988"
    },
    {
        "aid": "RHSA-2007:0940"
    },
    {
        "aid": "RHSA-2008:0982"
    },
    {
        "aid": "RHSA-2010:0088"
    },
    {
        "aid": "RHSA-2008:0981"
    },
    {
        "aid": "RHSA-2007:0705"
    },
    {
        "aid": "RHSA-2013:0727"
    },
    {
        "aid": "RHSA-2013:1814"
    },
    {
        "aid": "RHSA-2013:1813"
    },
    {
        "aid": "RHSA-2008:0519"
    },
    {
        "aid": "RHSA-2008:0514"
    },
    {
        "aid": "RHSA-2007:0710"
    },
    {
        "aid": "RHSA-2007:0951"
    },
    {
        "aid": "RHSA-2007:0956"
    },
    {
        "aid": "RHSA-2007:0957"
    },
    {
        "aid": "RHSA-2007:0957"
    },
    {
        "aid": "RHSA-2009:1648"
    },
    {
        "aid": "RHSA-2009:0313"
    },
    {
        "aid": "RHSA-2013:0958"
    },
    {
        "aid": "RHSA-2009:1647"
    },
    {
        "aid": "RHSA-2009:1646"
    },
    {
        "aid": "RHSA-2013:1806"
    },
    {
        "aid": "RHSA-2013:1804"
    },
    {
        "aid": "RHSA-2009:1643"
    },
    {
        "aid": "RHSA-2009:1642"
    },
    {
        "aid": "RHSA-2007:0087"
    },
    {
        "aid": "RHSA-2007:1176"
    },
    {
        "aid": "RHSA-2013:0594"
    },
    {
        "aid": "RHSA-2011:0507"
    },
    {
        "aid": "RHSA-2012:0309"
    },
    {
        "aid": "RHSA-2012:0308"
    },
    {
        "aid": "RHSA-2012:0307"
    },
    {
        "aid": "RHSA-2012:0306"
    },
    {
        "aid": "RHSA-2012:0547"
    },
    {
        "aid": "RHSA-2012:0546"
    },
    {
        "aid": "RHSA-2012:0545"
    },
    {
        "aid": "RHSA-2012:0302"
    },
    {
        "aid": "RHSA-2010:0934"
    },
    {
        "aid": "RHSA-2012:0312"
    },
    {
        "aid": "RHSA-2012:0311"
    },
    {
        "aid": "RHSA-2012:0310"
    },
    {
        "aid": "RHSA-2010:0935"
    },
    {
        "aid": "RHSA-2007:0095"
    },
    {
        "aid": "RHSA-2013:0588"
    },
    {
        "aid": "RHSA-2013:0587"
    },
    {
        "aid": "RHSA-2011:0511"
    },
    {
        "aid": "RHSA-2007:0099"
    },
    {
        "aid": "RHSA-2011:0975"
    },
    {
        "aid": "RHSA-2013:0580"
    },
    {
        "aid": "RHSA-2013:0581"
    },
    {
        "aid": "RHSA-2010:0950"
    },
    {
        "aid": "RHSA-2012:0533"
    },
    {
        "aid": "RHSA-2010:0703"
    },
    {
        "aid": "RHSA-2012:0301"
    },
    {
        "aid": "RHSA-2010:0706"
    },
    {
        "aid": "RHSA-2010:0704"
    },
    {
        "aid": "RHSA-2013:1426"
    },
    {
        "aid": "RHSA-2007:0066"
    },
    {
        "aid": "RHSA-2007:1155"
    },
    {
        "aid": "RHSA-2013:0133"
    },
    {
        "aid": "RHSA-2013:0132"
    },
    {
        "aid": "RHSA-2007:0068"
    },
    {
        "aid": "RHSA-2013:0135"
    },
    {
        "aid": "RHSA-2013:0134"
    },
    {
        "aid": "RHSA-2007:0069"
    },
    {
        "aid": "RHSA-2013:0131"
    },
    {
        "aid": "RHSA-2013:0130"
    },
    {
        "aid": "RHSA-2010:0720"
    },
    {
        "aid": "RHSA-2012:0324"
    },
    {
        "aid": "RHSA-2012:0332"
    },
    {
        "aid": "RHSA-2013:0129"
    },
    {
        "aid": "RHSA-2013:0126"
    },
    {
        "aid": "RHSA-2013:1458"
    },
    {
        "aid": "RHSA-2013:0125"
    },
    {
        "aid": "RHSA-2013:1459"
    },
    {
        "aid": "RHSA-2007:0075"
    },
    {
        "aid": "RHSA-2013:0128"
    },
    {
        "aid": "RHSA-2013:0127"
    },
    {
        "aid": "RHSA-2013:1457"
    },
    {
        "aid": "RHSA-2011:1845"
    },
    {
        "aid": "RHSA-2013:0122"
    },
    {
        "aid": "RHSA-2007:1165"
    },
    {
        "aid": "RHSA-2013:0121"
    },
    {
        "aid": "RHSA-2013:1213"
    },
    {
        "aid": "RHSA-2011:0999"
    },
    {
        "aid": "RHSA-2013:0124"
    },
    {
        "aid": "RHSA-2013:1452"
    },
    {
        "aid": "RHSA-2013:0123"
    },
    {
        "aid": "RHSA-2013:0120"
    },
    {
        "aid": "RHSA-2010:0970"
    },
    {
        "aid": "RHSA-2012:0317"
    },
    {
        "aid": "RHSA-2012:0313"
    },
    {
        "aid": "RHSA-2012:0323"
    },
    {
        "aid": "RHSA-2012:0322"
    },
    {
        "aid": "RHSA-2010:0723"
    },
    {
        "aid": "RHSA-2012:0321"
    },
    {
        "aid": "RHSA-2007:0082"
    },
    {
        "aid": "RHSA-2013:1449"
    },
    {
        "aid": "RHSA-2013:0599"
    },
    {
        "aid": "RHSA-2013:1447"
    },
    {
        "aid": "RHSA-2011:1851"
    },
    {
        "aid": "RHSA-2012:0745"
    },
    {
        "aid": "RHSA-2013:0788"
    },
    {
        "aid": "RHSA-2008:0937"
    },
    {
        "aid": "RHSA-2011:0938"
    },
    {
        "aid": "RHSA-2012:0731"
    },
    {
        "aid": "RHSA-2013:1869"
    },
    {
        "aid": "RHSA-2013:1868"
    },
    {
        "aid": "RHSA-2008:0939"
    },
    {
        "aid": "RHSA-2011:1811"
    },
    {
        "aid": "RHSA-2011:1815"
    },
    {
        "aid": "RHSA-2012:0523"
    },
    {
        "aid": "RHSA-2010:0919"
    },
    {
        "aid": "RHSA-2008:0907"
    },
    {
        "aid": "RHSA-2011:1820"
    },
    {
        "aid": "RHSA-2008:0906"
    },
    {
        "aid": "RHSA-2013:0568"
    },
    {
        "aid": "RHSA-2013:1411"
    },
    {
        "aid": "RHSA-2012:0518"
    },
    {
        "aid": "RHSA-2010:0926"
    },
    {
        "aid": "RHSA-2013:1409"
    },
    {
        "aid": "RHSA-2008:0287"
    },
    {
        "aid": "RHSA-2010:0787"
    },
    {
        "aid": "RHSA-2010:0786"
    },
    {
        "aid": "RHSA-2010:0785"
    },
    {
        "aid": "RHSA-2008:0042"
    },
    {
        "aid": "RHSA-2010:0542"
    },
    {
        "aid": "RHSA-2012:0397"
    },
    {
        "aid": "RHSA-2008:0290"
    },
    {
        "aid": "RHSA-2012:0153"
    },
    {
        "aid": "RHSA-2012:0152"
    },
    {
        "aid": "RHSA-2009:1179"
    },
    {
        "aid": "RHSA-2012:0150"
    },
    {
        "aid": "RHSA-2011:1445"
    },
    {
        "aid": "RHSA-2011:0357"
    },
    {
        "aid": "RHSA-2007:0492"
    },
    {
        "aid": "RHSA-2009:1176"
    },
    {
        "aid": "RHSA-2009:1176"
    },
    {
        "aid": "RHSA-2009:1193"
    },
    {
        "aid": "RHSA-2007:0494"
    },
    {
        "aid": "RHSA-2011:0336"
    },
    {
        "aid": "RHSA-2007:0497"
    },
    {
        "aid": "RHSA-2013:1034"
    },
    {
        "aid": "RHSA-2013:0189"
    },
    {
        "aid": "RHSA-2013:0180"
    },
    {
        "aid": "RHSA-2010:0793"
    },
    {
        "aid": "RHSA-2008:0058"
    },
    {
        "aid": "RHSA-2010:0792"
    },
    {
        "aid": "RHSA-2008:0297"
    },
    {
        "aid": "RHSA-2012:1235"
    },
    {
        "aid": "RHSA-2008:0295"
    },
    {
        "aid": "RHSA-2012:1236"
    },
    {
        "aid": "RHSA-2010:0549"
    },
    {
        "aid": "RHSA-2008:0061"
    },
    {
        "aid": "RHSA-2010:0788"
    },
    {
        "aid": "RHSA-2012:0143"
    },
    {
        "aid": "RHSA-2009:1186"
    },
    {
        "aid": "RHSA-2011:1434"
    },
    {
        "aid": "RHSA-2009:1188"
    },
    {
        "aid": "RHSA-2011:0346"
    },
    {
        "aid": "RHSA-2011:1219"
    },
    {
        "aid": "RHSA-2011:1458"
    },
    {
        "aid": "RHSA-2011:1459"
    },
    {
        "aid": "RHSA-2010:0321"
    },
    {
        "aid": "RHSA-2012:1263"
    },
    {
        "aid": "RHSA-2008:0267"
    },
    {
        "aid": "RHSA-2012:1264"
    },
    {
        "aid": "RHSA-2012:1265"
    },
    {
        "aid": "RHSA-2010:0567"
    },
    {
        "aid": "RHSA-2012:1266"
    },
    {
        "aid": "RHSA-2012:1267"
    },
    {
        "aid": "RHSA-2010:0565"
    },
    {
        "aid": "RHSA-2008:0270"
    },
    {
        "aid": "RHSA-2008:0270"
    },
    {
        "aid": "RHSA-2011:0370"
    },
    {
        "aid": "RHSA-2011:0372"
    },
    {
        "aid": "RHSA-2009:1159"
    },
    {
        "aid": "RHSA-2009:1159"
    },
    {
        "aid": "RHSA-2011:1220"
    },
    {
        "aid": "RHSA-2011:0376"
    },
    {
        "aid": "RHSA-2008:0038"
    },
    {
        "aid": "RHSA-2010:0574"
    },
    {
        "aid": "RHSA-2013:1050"
    },
    {
        "aid": "RHSA-2013:1292"
    },
    {
        "aid": "RHSA-2010:0578"
    },
    {
        "aid": "RHSA-2012:1255"
    },
    {
        "aid": "RHSA-2008:0275"
    },
    {
        "aid": "RHSA-2012:1256"
    },
    {
        "aid": "RHSA-2008:0032"
    },
    {
        "aid": "RHSA-2008:0031"
    },
    {
        "aid": "RHSA-2012:1258"
    },
    {
        "aid": "RHSA-2011:0364"
    },
    {
        "aid": "RHSA-2009:1164"
    },
    {
        "aid": "RHSA-2011:1212"
    },
    {
        "aid": "RHSA-2013:1049"
    },
    {
        "aid": "RHSA-2011:1455"
    },
    {
        "aid": "RHSA-2011:0303"
    },
    {
        "aid": "RHSA-2011:0306"
    },
    {
        "aid": "RHSA-2011:0307"
    },
    {
        "aid": "RHSA-2008:0089"
    },
    {
        "aid": "RHSA-2010:0743"
    },
    {
        "aid": "RHSA-2012:0107"
    },
    {
        "aid": "RHSA-2010:0742"
    },
    {
        "aid": "RHSA-2012:1201"
    },
    {
        "aid": "RHSA-2012:1445"
    },
    {
        "aid": "RHSA-2010:0978"
    },
    {
        "aid": "RHSA-2010:0976"
    },
    {
        "aid": "RHSA-2008:0090"
    },
    {
        "aid": "RHSA-2010:0737"
    },
    {
        "aid": "RHSA-2011:1401"
    },
    {
        "aid": "RHSA-2011:1402"
    },
    {
        "aid": "RHSA-2007:0055"
    },
    {
        "aid": "RHSA-2007:0057"
    },
    {
        "aid": "RHSA-2013:1474"
    },
    {
        "aid": "RHSA-2013:1475"
    },
    {
        "aid": "RHSA-2010:0753"
    },
    {
        "aid": "RHSA-2010:0505"
    },
    {
        "aid": "RHSA-2012:0103"
    },
    {
        "aid": "RHSA-2010:0504"
    },
    {
        "aid": "RHSA-2010:0503"
    },
    {
        "aid": "RHSA-2010:0987"
    },
    {
        "aid": "RHSA-2010:0749"
    },
    {
        "aid": "RHSA-2007:0061"
    },
    {
        "aid": "RHSA-2011:0301"
    },
    {
        "aid": "RHSA-2011:0327"
    },
    {
        "aid": "RHSA-2007:1114"
    },
    {
        "aid": "RHSA-2012:1222"
    },
    {
        "aid": "RHSA-2012:0127"
    },
    {
        "aid": "RHSA-2008:0064"
    },
    {
        "aid": "RHSA-2012:0126"
    },
    {
        "aid": "RHSA-2012:0136"
    },
    {
        "aid": "RHSA-2010:0998"
    },
    {
        "aid": "RHSA-2012:0376"
    },
    {
        "aid": "RHSA-2010:0519"
    },
    {
        "aid": "RHSA-2010:0518"
    },
    {
        "aid": "RHSA-2012:0370"
    },
    {
        "aid": "RHSA-2011:1423"
    },
    {
        "aid": "RHSA-2009:1199"
    },
    {
        "aid": "RHSA-2009:1198"
    },
    {
        "aid": "RHSA-2011:1422"
    },
    {
        "aid": "RHSA-2013:1014"
    },
    {
        "aid": "RHSA-2013:0165"
    },
    {
        "aid": "RHSA-2013:0168"
    },
    {
        "aid": "RHSA-2007:1126"
    },
    {
        "aid": "RHSA-2007:1128"
    },
    {
        "aid": "RHSA-2010:0770"
    },
    {
        "aid": "RHSA-2010:0534"
    },
    {
        "aid": "RHSA-2010:0533"
    },
    {
        "aid": "RHSA-2012:0359"
    },
    {
        "aid": "RHSA-2010:0768"
    },
    {
        "aid": "RHSA-2012:1207"
    },
    {
        "aid": "RHSA-2010:0528"
    },
    {
        "aid": "RHSA-2007:1130"
    },
    {
        "aid": "RHSA-2011:0195"
    },
    {
        "aid": "RHSA-2011:0197"
    },
    {
        "aid": "RHSA-2011:1289"
    },
    {
        "aid": "RHSA-2010:1003"
    },
    {
        "aid": "RHSA-2010:1002"
    },
    {
        "aid": "RHSA-2011:0180"
    },
    {
        "aid": "RHSA-2011:0183"
    },
    {
        "aid": "RHSA-2012:1091"
    },
    {
        "aid": "RHSA-2012:1098"
    },
    {
        "aid": "RHSA-2011:1293"
    },
    {
        "aid": "RHSA-2012:1283"
    },
    {
        "aid": "RHSA-2012:1284"
    },
    {
        "aid": "RHSA-2013:1081"
    },
    {
        "aid": "RHSA-2012:1046"
    },
    {
        "aid": "RHSA-2012:1289"
    },
    {
        "aid": "RHSA-2011:0391"
    },
    {
        "aid": "RHSA-2011:0390"
    },
    {
        "aid": "RHSA-2011:0395"
    },
    {
        "aid": "RHSA-2011:1247"
    },
    {
        "aid": "RHSA-2011:1247"
    },
    {
        "aid": "RHSA-2012:1064"
    },
    {
        "aid": "RHSA-2012:1068"
    },
    {
        "aid": "RHSA-2011:0177"
    },
    {
        "aid": "RHSA-2011:0164"
    },
    {
        "aid": "RHSA-2013:0630"
    },
    {
        "aid": "RHSA-2013:0628"
    },
    {
        "aid": "RHSA-2013:0625"
    },
    {
        "aid": "RHSA-2013:0624"
    },
    {
        "aid": "RHSA-2013:0869"
    },
    {
        "aid": "RHSA-2013:0626"
    },
    {
        "aid": "RHSA-2013:0868"
    },
    {
        "aid": "RHSA-2013:0623"
    },
    {
        "aid": "RHSA-2012:0813"
    },
    {
        "aid": "RHSA-2012:0811"
    },
    {
        "aid": "RHSA-2012:0810"
    },
    {
        "aid": "RHSA-2013:0855"
    },
    {
        "aid": "RHSA-2013:1701"
    },
    {
        "aid": "RHSA-2013:0612"
    },
    {
        "aid": "RHSA-2012:0841"
    },
    {
        "aid": "RHSA-2013:0643"
    },
    {
        "aid": "RHSA-2013:0884"
    },
    {
        "aid": "RHSA-2013:1732"
    },
    {
        "aid": "RHSA-2011:1085"
    },
    {
        "aid": "RHSA-2013:0826"
    },
    {
        "aid": "RHSA-2011:1083"
    },
    {
        "aid": "RHSA-2011:1084"
    },
    {
        "aid": "RHSA-2013:0823"
    },
    {
        "aid": "RHSA-2013:0822"
    },
    {
        "aid": "RHSA-2013:0825"
    },
    {
        "aid": "RHSA-2011:1088"
    },
    {
        "aid": "RHSA-2013:0609"
    },
    {
        "aid": "RHSA-2013:0602"
    },
    {
        "aid": "RHSA-2013:0605"
    },
    {
        "aid": "RHSA-2013:0601"
    },
    {
        "aid": "RHSA-2013:0600"
    },
    {
        "aid": "RHSA-2013:0830"
    },
    {
        "aid": "RHSA-2013:0831"
    },
    {
        "aid": "RHSA-2012:0429"
    },
    {
        "aid": "RHSA-2012:0427"
    },
    {
        "aid": "RHSA-2011:0871"
    },
    {
        "aid": "RHSA-2013:1553"
    },
    {
        "aid": "RHSA-2011:0856"
    },
    {
        "aid": "RHSA-2013:0223"
    },
    {
        "aid": "RHSA-2011:0616"
    },
    {
        "aid": "RHSA-2011:0858"
    },
    {
        "aid": "RHSA-2011:0859"
    },
    {
        "aid": "RHSA-2012:0899"
    },
    {
        "aid": "RHSA-2013:0218"
    },
    {
        "aid": "RHSA-2013:0217"
    },
    {
        "aid": "RHSA-2013:0219"
    },
    {
        "aid": "RHSA-2011:0860"
    },
    {
        "aid": "RHSA-2011:0862"
    },
    {
        "aid": "RHSA-2013:0215"
    },
    {
        "aid": "RHSA-2013:0254"
    },
    {
        "aid": "RHSA-2013:0496"
    },
    {
        "aid": "RHSA-2013:1100"
    },
    {
        "aid": "RHSA-2013:1101"
    },
    {
        "aid": "RHSA-2011:0407"
    },
    {
        "aid": "RHSA-2013:1582"
    },
    {
        "aid": "RHSA-2011:0406"
    },
    {
        "aid": "RHSA-2015:0066"
    },
    {
        "aid": "RHSA-2010:0842"
    },
    {
        "aid": "RHSA-2012:0688"
    },
    {
        "aid": "RHSA-2011:1741"
    },
    {
        "aid": "RHSA-2013:0243"
    },
    {
        "aid": "RHSA-2013:0245"
    },
    {
        "aid": "RHSA-2012:0683"
    },
    {
        "aid": "RHSA-2013:0236"
    },
    {
        "aid": "RHSA-2013:1569"
    },
    {
        "aid": "RHSA-2013:0237"
    },
    {
        "aid": "RHSA-2013:0669"
    },
    {
        "aid": "RHSA-2013:1518"
    },
    {
        "aid": "RHSA-2013:1752"
    },
    {
        "aid": "RHSA-2013:0663"
    },
    {
        "aid": "RHSA-2012:0862"
    },
    {
        "aid": "RHSA-2013:1508"
    },
    {
        "aid": "RHSA-2013:1509"
    },
    {
        "aid": "RHSA-2013:1507"
    },
    {
        "aid": "RHSA-2013:0896"
    },
    {
        "aid": "RHSA-2013:0656"
    },
    {
        "aid": "RHSA-2013:1500"
    },
    {
        "aid": "RHSA-2013:0897"
    },
    {
        "aid": "RHSA-2011:0843"
    },
    {
        "aid": "RHSA-2011:0600"
    },
    {
        "aid": "RHSA-2011:0842"
    },
    {
        "aid": "RHSA-2011:0845"
    },
    {
        "aid": "RHSA-2013:1540"
    },
    {
        "aid": "RHSA-2012:0410"
    },
    {
        "aid": "RHSA-2013:1537"
    },
    {
        "aid": "RHSA-2013:0687"
    },
    {
        "aid": "RHSA-2013:1536"
    },
    {
        "aid": "RHSA-2013:0689"
    },
    {
        "aid": "RHSA-2011:0836"
    },
    {
        "aid": "RHSA-2011:0839"
    },
    {
        "aid": "RHSA-2012:0876"
    },
    {
        "aid": "RHSA-2012:0874"
    },
    {
        "aid": "RHSA-2012:0880"
    },
    {
        "aid": "RHSA-2013:1764"
    },
    {
        "aid": "RHSA-2012:1366"
    },
    {
        "aid": "RHSA-2012:1359"
    },
    {
        "aid": "RHSA-2012:0034"
    },
    {
        "aid": "RHSA-2011:1323"
    },
    {
        "aid": "RHSA-2012:0018"
    },
    {
        "aid": "RHSA-2011:1790"
    },
    {
        "aid": "RHSA-2011:1791"
    },
    {
        "aid": "RHSA-2011:0465"
    },
    {
        "aid": "RHSA-2011:0464"
    },
    {
        "aid": "RHSA-2011:0007"
    },
    {
        "aid": "RHSA-2011:0009"
    },
    {
        "aid": "RHSA-2011:1338"
    },
    {
        "aid": "RHSA-2012:1141"
    },
    {
        "aid": "RHSA-2013:1182"
    },
    {
        "aid": "RHSA-2012:1384"
    },
    {
        "aid": "RHSA-2012:1386"
    },
    {
        "aid": "RHSA-2012:0059"
    },
    {
        "aid": "RHSA-2012:0058"
    },
    {
        "aid": "RHSA-2012:1139"
    },
    {
        "aid": "RHSA-2011:1581"
    },
    {
        "aid": "RHSA-2012:0052"
    },
    {
        "aid": "RHSA-2011:1100"
    },
    {
        "aid": "RHSA-2012:0050"
    },
    {
        "aid": "RHSA-2011:0256"
    },
    {
        "aid": "RHSA-2011:0498"
    },
    {
        "aid": "RHSA-2011:1105"
    },
    {
        "aid": "RHSA-2011:0258"
    },
    {
        "aid": "RHSA-2011:1102"
    },
    {
        "aid": "RHSA-2011:1328"
    },
    {
        "aid": "RHSA-2011:0479"
    },
    {
        "aid": "RHSA-2013:1173"
    },
    {
        "aid": "RHSA-2012:1131"
    },
    {
        "aid": "RHSA-2012:1132"
    },
    {
        "aid": "RHSA-2012:1135"
    },
    {
        "aid": "RHSA-2013:0276"
    },
    {
        "aid": "RHSA-2011:0426"
    },
    {
        "aid": "RHSA-2013:0277"
    },
    {
        "aid": "RHSA-2013:1120"
    },
    {
        "aid": "RHSA-2011:0428"
    },
    {
        "aid": "RHSA-2013:0273"
    },
    {
        "aid": "RHSA-2010:0860"
    },
    {
        "aid": "RHSA-2010:0864"
    },
    {
        "aid": "RHSA-2010:0863"
    },
    {
        "aid": "RHSA-2010:0862"
    },
    {
        "aid": "RHSA-2012:0475"
    },
    {
        "aid": "RHSA-2010:0859"
    },
    {
        "aid": "RHSA-2010:0858"
    },
    {
        "aid": "RHSA-2013:1119"
    },
    {
        "aid": "RHSA-2013:0269"
    },
    {
        "aid": "RHSA-2011:0433"
    },
    {
        "aid": "RHSA-2011:0414"
    },
    {
        "aid": "RHSA-2011:0413"
    },
    {
        "aid": "RHSA-2013:1114"
    },
    {
        "aid": "RHSA-2011:1507"
    },
    {
        "aid": "RHSA-2012:1551"
    },
    {
        "aid": "RHSA-2010:0873"
    },
    {
        "aid": "RHSA-2010:0872"
    },
    {
        "aid": "RHSA-2010:0867"
    },
    {
        "aid": "RHSA-2012:1304"
    },
    {
        "aid": "RHSA-2010:0866"
    },
    {
        "aid": "RHSA-2010:0865"
    },
    {
        "aid": "RHSA-2012:1549"
    },
    {
        "aid": "RHSA-2011:0421"
    },
    {
        "aid": "RHSA-2013:0499"
    },
    {
        "aid": "RHSA-2011:0423"
    },
    {
        "aid": "RHSA-2011:0447"
    },
    {
        "aid": "RHSA-2011:1777"
    },
    {
        "aid": "RHSA-2013:1144"
    },
    {
        "aid": "RHSA-2011:0206"
    },
    {
        "aid": "RHSA-2011:1536"
    },
    {
        "aid": "RHSA-2012:1580"
    },
    {
        "aid": "RHSA-2012:1346"
    },
    {
        "aid": "RHSA-2011:0452"
    },
    {
        "aid": "RHSA-2011:1780"
    },
    {
        "aid": "RHSA-2011:0214"
    },
    {
        "aid": "RHSA-2011:0455"
    },
    {
        "aid": "RHSA-2011:0677"
    },
    {
        "aid": "RHSA-2010:0892"
    },
    {
        "aid": "RHSA-2010:0891"
    },
    {
        "aid": "RHSA-2010:0890"
    },
    {
        "aid": "RHSA-2012:1326"
    },
    {
        "aid": "RHSA-2010:0888"
    },
    {
        "aid": "RHSA-2012:1569"
    },
    {
        "aid": "RHSA-2012:0481"
    },
    {
        "aid": "RHSA-2011:1533"
    },
    {
        "aid": "RHSA-2011:0200"
    },
    {
        "aid": "RHSA-2011:1534"
    },
    {
        "aid": "RHSA-2011:1531"
    },
    {
        "aid": "RHSA-2011:1391"
    },
    {
        "aid": "RHSA-2011:1189"
    },
    {
        "aid": "RHSA-2013:0911"
    },
    {
        "aid": "RHSA-2012:1391"
    },
    {
        "aid": "RHSA-2012:1392"
    },
    {
        "aid": "RHSA-2012:1151"
    },
    {
        "aid": "RHSA-2013:1192"
    },
    {
        "aid": "RHSA-2012:1156"
    },
    {
        "aid": "RHSA-2012:0069"
    },
    {
        "aid": "RHSA-2011:1350"
    },
    {
        "aid": "RHSA-2012:0062"
    },
    {
        "aid": "RHSA-2011:1110"
    },
    {
        "aid": "RHSA-2011:1356"
    },
    {
        "aid": "RHSA-2012:1180"
    },
    {
        "aid": "RHSA-2012:1173"
    },
    {
        "aid": "RHSA-2011:0281"
    },
    {
        "aid": "RHSA-2011:0283"
    },
    {
        "aid": "RHSA-2011:1379"
    },
    {
        "aid": "RHSA-2015:0700"
    },
    {
        "aid": "RHSA-2013:0751"
    },
    {
        "aid": "RHSA-2013:0508"
    },
    {
        "aid": "RHSA-2013:0509"
    },
    {
        "aid": "RHSA-2013:0504"
    },
    {
        "aid": "RHSA-2013:0503"
    },
    {
        "aid": "RHSA-2013:0506"
    },
    {
        "aid": "RHSA-2013:0748"
    },
    {
        "aid": "RHSA-2013:0505"
    },
    {
        "aid": "RHSA-2013:0500"
    },
    {
        "aid": "RHSA-2013:0742"
    },
    {
        "aid": "RHSA-2013:0502"
    },
    {
        "aid": "RHSA-2013:0744"
    },
    {
        "aid": "RHSA-2012:0939"
    },
    {
        "aid": "RHSA-2013:1829"
    },
    {
        "aid": "RHSA-2013:0730"
    },
    {
        "aid": "RHSA-2011:0920"
    },
    {
        "aid": "RHSA-2013:1620"
    },
    {
        "aid": "RHSA-2013:0531"
    },
    {
        "aid": "RHSA-2013:0772"
    },
    {
        "aid": "RHSA-2011:0926"
    },
    {
        "aid": "RHSA-2012:0729"
    },
    {
        "aid": "RHSA-2011:0928"
    },
    {
        "aid": "RHSA-2012:0722"
    },
    {
        "aid": "RHSA-2013:0526"
    },
    {
        "aid": "RHSA-2013:0525"
    },
    {
        "aid": "RHSA-2013:0528"
    },
    {
        "aid": "RHSA-2013:0522"
    },
    {
        "aid": "RHSA-2013:0521"
    },
    {
        "aid": "RHSA-2013:0523"
    },
    {
        "aid": "RHSA-2013:1850"
    },
    {
        "aid": "RHSA-2013:0520"
    },
    {
        "aid": "RHSA-2011:0910"
    },
    {
        "aid": "RHSA-2012:0958"
    },
    {
        "aid": "RHSA-2011:0919"
    },
    {
        "aid": "RHSA-2011:0918"
    },
    {
        "aid": "RHSA-2013:0515"
    },
    {
        "aid": "RHSA-2013:0757"
    },
    {
        "aid": "RHSA-2013:0514"
    },
    {
        "aid": "RHSA-2013:0517"
    },
    {
        "aid": "RHSA-2013:0516"
    },
    {
        "aid": "RHSA-2013:0758"
    },
    {
        "aid": "RHSA-2013:0511"
    },
    {
        "aid": "RHSA-2013:0753"
    },
    {
        "aid": "RHSA-2013:0512"
    },
    {
        "aid": "RHSA-2012:0902"
    },
    {
        "aid": "RHSA-2013:0941"
    },
    {
        "aid": "RHSA-2011:1197"
    },
    {
        "aid": "RHSA-2013:1818"
    },
    {
        "aid": "RHSA-2013:0964"
    },
    {
        "aid": "RHSA-2013:0963"
    },
    {
        "aid": "RHSA-2013:1805"
    },
    {
        "aid": "RHSA-2013:1803"
    },
    {
        "aid": "RHSA-2013:0957"
    },
    {
        "aid": "RHSA-2013:1801"
    },
    {
        "aid": "RHSA-2013:0714"
    },
    {
        "aid": "RHSA-2013:1441"
    },
    {
        "aid": "RHSA-2011:0506"
    },
    {
        "aid": "RHSA-2013:0590"
    },
    {
        "aid": "RHSA-2013:1440"
    },
    {
        "aid": "RHSA-2012:0544"
    },
    {
        "aid": "RHSA-2012:0796"
    },
    {
        "aid": "RHSA-2013:1436"
    },
    {
        "aid": "RHSA-2013:0589"
    },
    {
        "aid": "RHSA-2013:1674"
    },
    {
        "aid": "RHSA-2011:1821"
    },
    {
        "aid": "RHSA-2010:0945"
    },
    {
        "aid": "RHSA-2011:1615"
    },
    {
        "aid": "RHSA-2012:0571"
    },
    {
        "aid": "RHSA-2012:1418"
    },
    {
        "aid": "RHSA-2011:1849"
    },
    {
        "aid": "RHSA-2013:1451"
    },
    {
        "aid": "RHSA-2011:1852"
    },
    {
        "aid": "RHSA-2013:0551"
    },
    {
        "aid": "RHSA-2013:0550"
    },
    {
        "aid": "RHSA-2012:0509"
    },
    {
        "aid": "RHSA-2012:0508"
    },
    {
        "aid": "RHSA-2012:0748"
    },
    {
        "aid": "RHSA-2012:0987"
    },
    {
        "aid": "RHSA-2012:0744"
    },
    {
        "aid": "RHSA-2012:0743"
    },
    {
        "aid": "RHSA-2013:1635"
    },
    {
        "aid": "RHSA-2011:0930"
    },
    {
        "aid": "RHSA-2012:0734"
    },
    {
        "aid": "RHSA-2012:0731"
    },
    {
        "aid": "RHSA-2010:0908"
    },
    {
        "aid": "RHSA-2013:0532"
    },
    {
        "aid": "RHSA-2013:0532"
    },
    {
        "aid": "RHSA-2013:1661"
    },
    {
        "aid": "RHSA-2013:0574"
    },
    {
        "aid": "RHSA-2011:1814"
    },
    {
        "aid": "RHSA-2011:1819"
    },
    {
        "aid": "RHSA-2012:0774"
    },
    {
        "aid": "RHSA-2013:1418"
    },
    {
        "aid": "RHSA-2010:0918"
    },
    {
        "aid": "RHSA-2013:0567"
    },
    {
        "aid": "RHSA-2011:0953"
    },
    {
        "aid": "RHSA-2011:1801"
    },
    {
        "aid": "RHSA-2013:1652"
    },
    {
        "aid": "RHSA-2011:0959"
    },
    {
        "aid": "RHSA-2011:1807"
    },
    {
        "aid": "RHSA-2012:0514"
    },
    {
        "aid": "RHSA-2012:0997"
    },
    {
        "aid": "RHSA-2010:0923"
    },
    {
        "aid": "RHSA-2010:0925"
    },
    {
        "aid": "RHSA-2010:0924"
    },
    {
        "aid": "RHSA-2013:1645"
    },
    {
        "aid": "RHSA-2013:1645"
    },
    {
        "aid": "RHSA-2013:0199"
    },
    {
        "aid": "RHSA-2011:0347"
    },
    {
        "aid": "RHSA-2013:1282"
    },
    {
        "aid": "RHSA-2012:1245"
    },
    {
        "aid": "RHSA-2012:1238"
    },
    {
        "aid": "RHSA-2012:0393"
    },
    {
        "aid": "RHSA-2011:1441"
    },
    {
        "aid": "RHSA-2011:0599"
    },
    {
        "aid": "RHSA-2011:0356"
    },
    {
        "aid": "RHSA-2011:0337"
    },
    {
        "aid": "RHSA-2013:0188"
    },
    {
        "aid": "RHSA-2013:1035"
    },
    {
        "aid": "RHSA-2013:1274"
    },
    {
        "aid": "RHSA-2013:1272"
    },
    {
        "aid": "RHSA-2013:1273"
    },
    {
        "aid": "RHSA-2013:1270"
    },
    {
        "aid": "RHSA-2012:0139"
    },
    {
        "aid": "RHSA-2012:1234"
    },
    {
        "aid": "RHSA-2012:0137"
    },
    {
        "aid": "RHSA-2012:0144"
    },
    {
        "aid": "RHSA-2011:0586"
    },
    {
        "aid": "RHSA-2011:0345"
    },
    {
        "aid": "RHSA-2011:0369"
    },
    {
        "aid": "RHSA-2012:1261"
    },
    {
        "aid": "RHSA-2013:1060"
    },
    {
        "aid": "RHSA-2012:1268"
    },
    {
        "aid": "RHSA-2012:1269"
    },
    {
        "aid": "RHSA-2012:1259"
    },
    {
        "aid": "RHSA-2012:1019"
    },
    {
        "aid": "RHSA-2011:1221"
    },
    {
        "aid": "RHSA-2011:1465"
    },
    {
        "aid": "RHSA-2013:1059"
    },
    {
        "aid": "RHSA-2013:1051"
    },
    {
        "aid": "RHSA-2012:1009"
    },
    {
        "aid": "RHSA-2011:1694"
    },
    {
        "aid": "RHSA-2011:0545"
    },
    {
        "aid": "RHSA-2011:0305"
    },
    {
        "aid": "RHSA-2013:0156"
    },
    {
        "aid": "RHSA-2011:0308"
    },
    {
        "aid": "RHSA-2013:0150"
    },
    {
        "aid": "RHSA-2011:0309"
    },
    {
        "aid": "RHSA-2012:0105"
    },
    {
        "aid": "RHSA-2012:1202"
    },
    {
        "aid": "RHSA-2010:0975"
    },
    {
        "aid": "RHSA-2012:0350"
    },
    {
        "aid": "RHSA-2010:0979"
    },
    {
        "aid": "RHSA-2011:0791"
    },
    {
        "aid": "RHSA-2011:0554"
    },
    {
        "aid": "RHSA-2013:0149"
    },
    {
        "aid": "RHSA-2011:0534"
    },
    {
        "aid": "RHSA-2011:0779"
    },
    {
        "aid": "RHSA-2013:1473"
    },
    {
        "aid": "RHSA-2012:1431"
    },
    {
        "aid": "RHSA-2014:1059"
    },
    {
        "aid": "RHSA-2012:1434"
    },
    {
        "aid": "RHSA-2012:1434"
    },
    {
        "aid": "RHSA-2012:1426"
    },
    {
        "aid": "RHSA-2011:0542"
    },
    {
        "aid": "RHSA-2011:0568"
    },
    {
        "aid": "RHSA-2011:0328"
    },
    {
        "aid": "RHSA-2011:0329"
    },
    {
        "aid": "RHSA-2012:1461"
    },
    {
        "aid": "RHSA-2012:1462"
    },
    {
        "aid": "RHSA-2012:1221"
    },
    {
        "aid": "RHSA-2012:0128"
    },
    {
        "aid": "RHSA-2012:1223"
    },
    {
        "aid": "RHSA-2012:1465"
    },
    {
        "aid": "RHSA-2012:0369"
    },
    {
        "aid": "RHSA-2012:1466"
    },
    {
        "aid": "RHSA-2012:1225"
    },
    {
        "aid": "RHSA-2012:1467"
    },
    {
        "aid": "RHSA-2010:0999"
    },
    {
        "aid": "RHSA-2012:0135"
    },
    {
        "aid": "RHSA-2012:1459"
    },
    {
        "aid": "RHSA-2011:0332"
    },
    {
        "aid": "RHSA-2011:1424"
    },
    {
        "aid": "RHSA-2013:0169"
    },
    {
        "aid": "RHSA-2011:0335"
    },
    {
        "aid": "RHSA-2013:1256"
    },
    {
        "aid": "RHSA-2011:0558"
    },
    {
        "aid": "RHSA-2011:1409"
    },
    {
        "aid": "RHSA-2011:0318"
    },
    {
        "aid": "RHSA-2012:1455"
    },
    {
        "aid": "RHSA-2012:1206"
    },
    {
        "aid": "RHSA-2012:1208"
    },
    {
        "aid": "RHSA-2011:0560"
    },
    {
        "aid": "RHSA-2011:0320"
    },
    {
        "aid": "RHSA-2011:0324"
    },
    {
        "aid": "RHSA-2017:0372"
    },
    {
        "aid": "RHSA-2014:1008"
    },
    {
        "aid": "RHSA-2011:1294"
    },
    {
        "aid": "RHSA-2013:1323"
    },
    {
        "aid": "RHSA-2013:1319"
    },
    {
        "aid": "RHSA-2013:1310"
    },
    {
        "aid": "RHSA-2011:1321"
    },
    {
        "aid": "RHSA-2013:1353"
    },
    {
        "aid": "RHSA-2013:1348"
    },
    {
        "aid": "RHSA-2011:1163"
    },
    {
        "aid": "RHSA-2012:0305"
    },
    {
        "aid": "RHSA-2012:0304"
    },
    {
        "aid": "RHSA-2012:0303"
    },
    {
        "aid": "RHSA-2012:0149"
    },
    {
        "aid": "RHSA-2012:0151"
    },
    {
        "aid": "RHSA-2013:1542"
    },
    {
        "aid": "RHSA-2013:1543"
    },
    {
        "aid": "RHSA-2011:1580"
    },
    {
        "aid": "RHSA-2011:1749"
    },
    {
        "aid": "RHSA-2011:1526"
    },
    {
        "aid": "RHSA-2011:1530"
    },
    {
        "aid": "RHSA-2011:1532"
    },
    {
        "aid": "RHSA-2011:1364"
    },
    {
        "aid": "RHSA-2013:1615"
    },
    {
        "aid": "RHSA-2013:1605"
    },
    {
        "aid": "RHSA-2013:1603"
    },
    {
        "aid": "RHSA-2012:1416"
    },
    {
        "aid": "RHSA-2011:1691"
    },
    {
        "aid": "RHSA-2011:1635"
    }
]