{
"django":
    {
      "part":"github",
      "config":"django/django",
	  "clone":"True"
    },
    "DiscuzX":
    {
      "part":"gitee",
	  "mode":"special",
      "config":"ComsenzDiscuz/DiscuzX",
	  "clone":"True",
	  "remoteaddress":"https://gitee.com/ComsenzDiscuz/DiscuzX.git"
    },
	"PbootCMS":
    {
      "part":"gitee",
	  "mode":"universal",
      "config":"hnaoyun/PbootCMS",
      "remoteaddress":"https://gitee.com/hnaoyun/PbootCMS.git",
	  "clone":"True"
    },
  "Thinkcmf":
    {
      "part":"github",
      "config":"thinkcmf/ThinkCMF",
	  "clone":"True"
    },
  "spring-boot":
           {
      "part":"github",
      "config":"spring-projects/spring-boot",
	  "clone":"True"
    },
  "spring-framework":
           {
      "part":"github",
      "config":"spring-projects/spring-framework",
	  "clone":"True"
    },
  "ckeditor5":
           {
      "part":"github",
      "config":"ckeditor/ckeditor5",
	  "clone":"True"
    },
  "ckeditor4":
           {
      "part":"github",
      "config":"ckeditor/ckeditor-releases",
	  "clone":"True"
    },
	  "webx":
           {
      "part":"github",
      "config":"webx/citrus",
	  "clone":"True"
    },
   "Fastjson":
           {
      "part":"github",
      "config":"alibaba/fastjson",
	  "clone":"True"
    },
	"ThinkPHP": {
		"part":"github",
		"config": "top-think/framework",
		"clone": "True"
	},
	"drupal": {
		"part":"github",
		"config": "drupal/drupal",
		"clone": "True"
	},
	"phpmyadmin": {
		"part":"github",
		"config": "phpmyadmin/phpmyadmin",
		"clone": "True"
	},
	"tomcat90": {
		"part":"github",
		"config": "apache/tomcat",
		"clone": "True"
	},
	"tomcat80": {
		"part":"github",
		"config": "apache/tomcat80",
		"clone": "True"
	},
	"wordpress": {
		"part":"github",
		"config": "WordPress/wordpress-develop",
		"clone": "True"
	},
	"PHP": {
		"part":"github",
		"config": "php/php-src",
		"clone": "True"
	},
	"jquery": {
		"part":"github",
		"config": "jquery/jquery",
		"clone": "True"
	},
	"openssl":
    {
      "part":"github",
      "config":"openssl/openssl",
	  "clone":"True"
    },
	"Font-Awesome":
    {
      "part":"github",
      "config":"FortAwesome/Font-Awesome",
	  "clone":"True"
    },
	"jquery-ui":
    {
      "part":"github",
      "config":"jquery/jquery-ui",
	  "clone":"True"
    },
	"mysql/mysql-cluster":
    {
      "part":"github",
      "config":"mysql/mysql-server",
	  "clone":"True"
    },
	"jQuery Migrate":
    {
      "part":"github",
      "config":"jquery/jquery-migrate",
	  "clone":"True"
    },
	"Modernizr":
    {
      "part":"github",
      "config":"Modernizr/Modernizr",
	  "clone":"True"
    },
	"zentaopms":
    {
      "part":"github",
      "config":"easysoft/zentaopms",
	  "clone":"True"
    },
	"node.js":
    {
      "part":"github",
      "config":"nodejs/node",
	  "clone":"True"
    },
	"Google Code Prettify":
    {
      "part":"github",
      "config":"google/code-prettify",
	  "clone":"True"
    },
	"openresty":
    {
      "part":"github",
      "config":"openresty/openresty",
	  "clone":"True"
    },
	"KindEditor":
    {
      "part":"github",
      "config":"kindsoft/kindeditor",
	  "clone":"True"
    },
	"Express":
    {
      "part":"github",
      "config":"expressjs/express",
	  "clone":"True"
    },
	"Jetty":
    {
      "part":"github",
      "config":"eclipse/jetty.project",
	  "clone":"True"
    },
	"OWL Carousel2":
    {
      "part":"github",
      "config":"OwlCarousel2/OwlCarousel2",
	  "clone":"True"
    },
	"laravel":
    {
      "part":"github",
      "config":"laravel/framework",
	  "clone":"True"
	},
	"ruby":
    {
      "part":"github",
      "config":"ruby/ruby",
	  "clone":"True"
	},
	"Ruby on Rails":
    {
      "part":"github",
      "config":"rails/rails",
	  "clone":"True"
	},
	"vue.js":
    {
      "part":"github",
      "config":"vuejs/vue",
	  "clone":"True"
	},
	"mod_perl":
    {
      "part":"github",
      "config":"apache/mod_perl",
	  "clone":"True"
	},
	"Lua":
    {
      "part":"github",
      "config":"lua/lua",
	  "clone":"True"
	},
	"AngularJS":
    {
      "part":"github",
      "config":"angular/angular.js",
	  "clone":"True"
	},
	"Ionicons":
    {
      "part":"github",
      "config":"ionic-team/ionicons",
	  "clone":"True"
	},
	"Python":
    {
      "part":"github",
      "config":"python/cpython",
	  "clone":"True"
	},
	"Select2":
    {
      "part":"github",
      "config":"select2/select2",
	  "clone":"True"
	},
	"Clipboard.js":
    {
      "part":"github",
      "config":"zenorocha/clipboard.js",
	  "clone":"True"
	},
	"Moment.js":
    {
      "part":"github",
      "config":"moment/moment",
	  "clone":"True"
	},
	"Zepto.js":
    {
      "part":"github",
      "config":"madrobby/zepto",
	  "clone":"True"
	},
	"Linux Kernel":
    {
      "part":"github",
      "config":"torvalds/linux",
	  "clone":"True"
	},
	"gitlab":
    {
      "part":"github",
      "config":"gitlabhq/gitlabhq",
	  "clone":"True"
	},
	"Yii":
    {
      "part":"github",
      "config":"yiisoft/yii",
	  "clone":"True"
	},
	"Yii2":
    {
      "part":"github",
      "config":"yiisoft/yii2",
	  "clone":"True"
	},
	"flask":
    {
      "part":"github",
      "config":"pallets/flask",
	  "clone":"True"
	},
	"CodeIgniter":
    {
      "part":"github",
      "config":"bcit-ci/CodeIgniter",
	  "clone":"True"
	},
	"Tornado":
    {
      "part":"github",
      "config":"tornadoweb/tornado",
	  "clone":"True"
	},
	"Jenkins":
    {
      "part":"github",
      "config":"jenkinsci/jenkins",
	  "clone":"True"
	},
	"ElasticSearch":
    {
      "part":"github",
      "config":"elastic/elasticsearch",
	  "clone":"True"
	},
	"Openfire":
    {
      "part":"github",
      "config":"igniterealtime/Openfire",
	  "clone":"True"
	},
	"lucene-solr":
    {
      "part":"github",
      "config":"apache/lucene-solr",
	  "clone":"True"
	},
	"WildFly":
    {
      "part":"github",
      "config":"wildfly/wildfly",
	  "clone":"True"
	},
	"Zabbix":
    {
      "part":"github",
      "config":"zabbix/zabbix-docker",
	  "clone":"True"
	},
	"magento":
    {
      "part":"github",
      "config":"magento/composer",
	  "clone":"True"
	},
	"Kibana":
    {
      "part":"github",
      "config":"elastic/kibana",
	  "clone":"True"
	},
	"DokuWiki":
    {
      "part":"github",
      "config":"splitbrain/dokuwiki",
	  "clone":"True"
	},
	"MediaWiki":
    {
      "part":"github",
      "config":"wikimedia/mediawiki",
	  "clone":"True"
	},
	"Apache Hadoop":
    {
      "part":"github",
      "config":"apache/hadoop",
	  "clone":"True"
	},
	"lightbox2":
    {
      "part":"github",
      "config":"lokesh/lightbox2",
	  "clone":"True"
	},
	"FancyBox":
    {
      "part":"github",
      "config":"fancyapps/fancybox",
	  "clone":"True"
	},
	"Perl5":
    {
      "part":"github",
      "config":"Perl/perl5",
	  "clone":"True"
	},
	"Underscore.js":
    {
      "part":"github",
      "config":"jashkenas/underscore",
	  "clone":"True"
	},
	"ActiveMQ":
    {
      "part":"github",
      "config":"apache/activemq",
	  "clone":"True"
	},
	"React":
    {
      "part":"github",
      "config":"facebook/react",
	  "clone":"True"
	},
	"Phusion Passenger":
    {
      "part":"github",
      "config":"phusion/passenger",
	  "clone":"True"
	},
	"Twitter typeahead.js":
    {
      "part":"github",
      "config":"twitter/typeahead.js",
	  "clone":"True"
	},
	"RequireJS":
    {
      "part":"github",
      "config":"requirejs/requirejs",
	  "clone":"True"
	},
	"Go":
    {
      "part":"github",
      "config":"golang/go",
	  "clone":"True"
	},
	"subversion":
    {
      "part":"github",
      "config":"apache/subversion",
	  "clone":"True"
	},
	"Redmine":
    {
      "part":"github",
      "config":"redmine/redmine",
	  "clone":"True"
	},
	"gunicorn":
    {
      "part":"github",
      "config":"benoitc/gunicorn",
	  "clone":"True"
	},
	"OpenCart":
    {
      "part":"github",
      "config":"opencart/opencart",
	  "clone":"True"
	},
	"Twitter Bootstrap":
    {
      "part":"github",
      "config":"twbs/bootstrap",
	  "clone":"True"
	},
	"MongoDB":
    {
      "part":"github",
      "config":"mongodb/mongo",
	  "clone":"True"
	},
	"lighttpd1.4":
    {
      "part":"github",
      "config":"lighttpd/lighttpd1.4",
	  "clone":"True"
	},
	"UIKit":
    {
      "part":"github",
      "config":"uikit/uikit",
	  "clone":"True"
	},
	"git":
    {
      "part":"github",
      "config":"git/git",
	  "clone":"True"
	},
	"memcached":
    {
      "part":"github",
      "config":"memcached/memcached",
	  "clone":"True"
	},
	"redis":
    {
      "part":"github",
      "config":"antirez/redis",
	  "clone":"True"
	},
    "zeromq":
    {
      "part":"github",
      "config":"zeromq/libzmq",
	  "clone":"True"
    },
    "jenkinsci":
    {
      "part":"github",
      "config":"jenkinsci/workflow-cps-plugin",
	  "clone":"True"
    }
}