{"KB2989935": [{"title": "Security Update for Windows Server 2003 (KB2989935)", "description": ["A security issue has been identified in a Microsoft software product that could affect your system. You can help protect your system by installing this update from Microsoft. For a complete listing of the issues that are included in this update, see the associated Microsoft Knowledge Base article. After you install this update, you may have to restart your system."], "date": "11/11/2014", "size": "814 KB", "severity": "Important", "support": "http://support.microsoft.com/kb/2989935", "replace": ["KB941644", "KB967723"], "replaced_by": []}, {"title": "Security Update for Windows Server 2003 x64 Edition (KB2989935)", "description": ["A security issue has been identified in a Microsoft software product that could affect your system. You can help protect your system by installing this update from Microsoft. For a complete listing of the issues that are included in this update, see the associated Microsoft Knowledge Base article. After you install this update, you may have to restart your system."], "date": "11/11/2014", "size": "1.1 MB", "severity": "Important", "support": "http://support.microsoft.com/kb/2989935", "replace": ["KB941644", "KB967723"], "replaced_by": []}], "KB2957503": [{"title": "Security Update for Windows Server 2003 x64 Edition (KB2957503)", "description": ["A security issue has been identified in a Microsoft software product that could affect your system. You can help protect your system by installing this update from Microsoft. For a complete listing of the issues that are included in this update, see the associated Microsoft Knowledge Base article. After you install this update, you may have to restart your system."], "date": "6/10/2014", "size": "2.3 MB", "severity": "Critical", "support": "http://support.microsoft.com/kb/2957503", "replace": [], "replaced_by": []}, {"title": "Security Update for Windows Server 2003 (KB2957503)", "description": ["A security issue has been identified in a Microsoft software product that could affect your system. You can help protect your system by installing this update from Microsoft. For a complete listing of the issues that are included in this update, see the associated Microsoft Knowledge Base article. After you install this update, you may have to restart your system."], "date": "6/10/2014", "size": "1.3 MB", "severity": "Critical", "support": "http://support.microsoft.com/kb/2957503", "replace": [], "replaced_by": []}], "KB2923392": [{"title": "Security Update for Windows Server 2003 (KB2923392)", "description": ["A security issue has been identified in a Microsoft software product that could affect your system. You can help protect your system by installing this update from Microsoft. For a complete listing of the issues that are included in this update, see the associated Microsoft Knowledge Base article. After you install this update, you may have to restart your system."], "date": "3/11/2014", "size": "696 KB", "severity": "Important", "support": "http://support.microsoft.com/kb/2923392", "replace": [], "replaced_by": []}, {"title": "Security Update for Windows Server 2003 x64 Edition (KB2923392)", "description": ["A security issue has been identified in a Microsoft software product that could affect your system. You can help protect your system by installing this update from Microsoft. For a complete listing of the issues that are included in this update, see the associated Microsoft Knowledge Base article. After you install this update, you may have to restart your system."], "date": "3/11/2014", "size": "1.0 MB", "severity": "Important", "support": "http://support.microsoft.com/kb/2923392", "replace": [], "replaced_by": []}], "KB3046306": [{"title": "Security Update for Windows Server 2003 (KB3046306)", "description": ["A security issue has been identified in a Microsoft software product that could affect your system. You can help protect your system by installing this update from Microsoft. For a complete listing of the issues that are included in this update, see the associated Microsoft Knowledge Base article. After you install this update, you may have to restart your system."], "date": "5/4/2015", "size": "622 KB", "severity": "Critical", "support": "http://support.microsoft.com/kb/3046306", "replace": ["KB2876331"], "replaced_by": ["KB3069392"]}, {"title": "Security Update for Windows Server 2003 x64 Edition (KB3046306)", "description": ["A security issue has been identified in a Microsoft software product that could affect your system. You can help protect your system by installing this update from Microsoft. For a complete listing of the issues that are included in this update, see the associated Microsoft Knowledge Base article. After you install this update, you may have to restart your system."], "date": "5/4/2015", "size": "1.0 MB", "severity": "Critical", "support": "http://support.microsoft.com/kb/3046306", "replace": ["KB2876331"], "replaced_by": ["KB3069392"]}], "KB2933528": [{"title": "Security Update for Windows Server 2003 (KB2933528)", "description": ["A security issue has been identified in a Microsoft software product that could affect your system. You can help protect your system by installing this update from Microsoft. For a complete listing of the issues that are included in this update, see the associated Microsoft Knowledge Base article. After you install this update, you may have to restart your system."], "date": "3/10/2014", "size": "1.2 MB", "severity": "Important", "support": "http://support.microsoft.com/kb/2933528", "replace": ["KB2616310", "KB2626416", "KB2801109", "KB931374", "KB949269", "KB970437", "KB973039", "KB982000"], "replaced_by": []}, {"title": "Security Update for Windows Server 2003 x64 Edition (KB2933528)", "description": ["A security issue has been identified in a Microsoft software product that could affect your system. You can help protect your system by installing this update from Microsoft. For a complete listing of the issues that are included in this update, see the associated Microsoft Knowledge Base article. After you install this update, you may have to restart your system."], "date": "3/10/2014", "size": "1.8 MB", "severity": "Important", "support": "http://support.microsoft.com/kb/2933528", "replace": ["KB2616310", "KB2626416", "KB2801109", "KB931374", "KB949269", "KB970437", "KB973039", "KB982000"], "replaced_by": []}], "KB3046482": [{"title": "Security Update for Windows Server 2003 x64 Edition (KB3046482)", "description": ["A security issue has been identified in a Microsoft software product that could affect your system. You can help protect your system by installing this update from Microsoft. For a complete listing of the issues that are included in this update, see the associated Microsoft Knowledge Base article. After you install this update, you may have to restart your system."], "date": "4/13/2015", "size": "1.7 MB", "severity": "Important", "support": "http://support.microsoft.com/kb/3046482", "replace": ["KB2993958"], "replaced_by": []}, {"title": "Security Update for Windows Server 2003 (KB3046482)", "description": ["A security issue has been identified in a Microsoft software product that could affect your system. You can help protect your system by installing this update from Microsoft. For a complete listing of the issues that are included in this update, see the associated Microsoft Knowledge Base article. After you install this update, you may have to restart your system."], "date": "4/13/2015", "size": "921 KB", "severity": "Important", "support": "http://support.microsoft.com/kb/3046482", "replace": ["KB2993958"], "replaced_by": []}], "KB3000061": [{"title": "Security Update for Windows Server 2003 (KB3000061)", "description": ["A security issue has been identified in a Microsoft software product that could affect your system. You can help protect your system by installing this update from Microsoft. For a complete listing of the issues that are included in this update, see the associated Microsoft Knowledge Base article. After you install this update, you may have to restart your system."], "date": "10/14/2014", "size": "1.4 MB", "severity": "Critical", "support": "http://support.microsoft.com/kb/3000061", "replace": ["KB2160329", "KB2436673", "KB2479628", "KB2506223", "KB2555917", "KB2567053", "KB2639417", "KB2641653", "KB2660465", "KB2709162", "KB2718523", "KB2731847", "KB2761226", "KB2778344", "KB2779030", "KB2808735", "KB2829361", "KB2850851", "KB2876315", "KB2883150", "KB2893984", "KB2930275", "KB941693", "KB954211", "KB958690", "KB968537", "KB969947", "KB979559", "KB981957"], "replaced_by": ["KB3002885", "KB3013455", "KB3034344", "KB3045171", "KB3057839", "KB3070102"]}, {"title": "Security Update for Windows Server 2003 x64 Edition (KB3000061)", "description": ["A security issue has been identified in a Microsoft software product that could affect your system. You can help protect your system by installing this update from Microsoft. For a complete listing of the issues that are included in this update, see the associated Microsoft Knowledge Base article. After you install this update, you may have to restart your system."], "date": "10/14/2014", "size": "2.4 MB", "severity": "Critical", "support": "http://support.microsoft.com/kb/3000061", "replace": ["KB2160329", "KB2436673", "KB2479628", "KB2506223", "KB2525694", "KB2555917", "KB2567053", "KB2639417", "KB2641653", "KB2660465", "KB2709162", "KB2718523", "KB2731847", "KB2761226", "KB2778344", "KB2779030", "KB2808735", "KB2829361", "KB2850851", "KB2876315", "KB2883150", "KB2893984", "KB2930275", "KB941693", "KB954211", "KB958690", "KB968537", "KB969947", "KB979559", "KB981957"], "replaced_by": ["KB3002885", "KB3013455", "KB3034344", "KB3045171", "KB3057839", "KB3070102"]}], "KB2926765": [{"title": "Security Update for Windows Server 2003 (KB2926765)", "description": ["A security issue has been identified in a Microsoft software product that could affect your system. You can help protect your system by installing this update from Microsoft. For a complete listing of the issues that are included in this update, see the associated Microsoft Knowledge Base article. After you install this update, you may have to restart your system."], "date": "5/13/2014", "size": "626 KB", "severity": "Important", "support": "http://support.microsoft.com/kb/2926765", "replace": ["KB975713"], "replaced_by": []}, {"title": "Security Update for Windows Server 2003 x64 Edition (KB2926765)", "description": ["A security issue has been identified in a Microsoft software product that could affect your system. You can help protect your system by installing this update from Microsoft. For a complete listing of the issues that are included in this update, see the associated Microsoft Knowledge Base article. After you install this update, you may have to restart your system."], "date": "5/13/2014", "size": "1.0 MB", "severity": "Important", "support": "http://support.microsoft.com/kb/2926765", "replace": ["KB975713"], "replaced_by": []}], "KB3033395": [{"title": "Security Update for Windows Server 2003 x64 Edition (KB3033395)", "description": ["A security issue has been identified in a Microsoft software product that could affect your system. You can help protect your system by installing this update from Microsoft. For a complete listing of the issues that are included in this update, see the associated Microsoft Knowledge Base article. After you install this update, you may have to restart your system."], "date": "3/16/2015", "size": "4.2 MB", "severity": "Important", "support": "http://support.microsoft.com/kb/3033395", "replace": ["KB2724197", "KB2799494", "KB2813170", "KB956841", "KB971486", "KB979683", "KB932596"], "replaced_by": ["KB3045999"]}, {"title": "Security Update for Windows Server 2003 (KB3033395)", "description": ["A security issue has been identified in a Microsoft software product that could affect your system. You can help protect your system by installing this update from Microsoft. For a complete listing of the issues that are included in this update, see the associated Microsoft Knowledge Base article. After you install this update, you may have to restart your system."], "date": "3/16/2015", "size": "2.4 MB", "severity": "Important", "support": "http://support.microsoft.com/kb/3033395", "replace": ["KB2633171", "KB2707511", "KB2724197", "KB2799494", "KB2813170", "KB2839229", "KB2859537", "KB931784", "KB956841", "KB971486", "KB977165", "KB979683"], "replaced_by": ["KB3045999"]}], "KB3072630": [{"title": "Security Update for Windows Server 2003 x64 Edition (KB3072630)", "description": ["A security issue has been identified in a Microsoft software product that could affect your system. You can help protect your system by installing this update from Microsoft. For a complete listing of the issues that are included in this update, see the associated Microsoft Knowledge Base article. After you install this update, you may have to restart your system."], "date": "7/14/2015", "size": "3.9 MB", "severity": "Important", "support": "http://support.microsoft.com/kb/3072630", "replace": ["KB2918614", "KB2918614", "KB2607712", "KB2616676", "KB2641690", "KB2661254", "KB2718704", "KB3000988", "KB927891"], "replaced_by": []}, {"title": "Security Update for Windows Server 2003 (KB3072630)", "description": ["A security issue has been identified in a Microsoft software product that could affect your system. You can help protect your system by installing this update from Microsoft. For a complete listing of the issues that are included in this update, see the associated Microsoft Knowledge Base article. After you install this update, you may have to restart your system."], "date": "7/14/2015", "size": "1.8 MB", "severity": "Important", "support": "http://support.microsoft.com/kb/3072630", "replace": ["KB2918614", "KB2607712", "KB2616676", "KB2641690", "KB2661254", "KB2718704", "KB3000988", "KB927891"], "replaced_by": []}], "KB2991963": [{"title": "Security Update for Windows Server 2003 x64 Edition (KB2991963)", "description": ["A security issue has been identified in a Microsoft software product that could affect your system. You can help protect your system by installing this update from Microsoft. For a complete listing of the issues that are included in this update, see the associated Microsoft Knowledge Base article. After you install this update, you may have to restart your system."], "date": "11/11/2014", "size": "1.6 MB", "severity": "Moderate", "support": "http://support.microsoft.com/kb/2991963", "replace": [], "replaced_by": []}, {"title": "Security Update for Windows Server 2003 (KB2991963)", "description": ["A security issue has been identified in a Microsoft software product that could affect your system. You can help protect your system by installing this update from Microsoft. For a complete listing of the issues that are included in this update, see the associated Microsoft Knowledge Base article. After you install this update, you may have to restart your system."], "date": "11/11/2014", "size": "895 KB", "severity": "Moderate", "support": "http://support.microsoft.com/kb/2991963", "replace": [], "replaced_by": []}], "KB3004361": [{"title": "Security Update for Windows Server 2003 x64 Edition (KB3004361)", "description": ["A security issue has been identified in a Microsoft software product that could affect your system. You can help protect your system by installing this update from Microsoft. For a complete listing of the issues that are included in this update, see the associated Microsoft Knowledge Base article. After you install this update, you may have to restart your system."], "date": "2/9/2015", "size": "878 KB", "severity": "Important", "support": "http://support.microsoft.com/kb/3004361", "replace": [], "replaced_by": []}, {"title": "Security Update for Windows Server 2003 (KB3004361)", "description": ["A security issue has been identified in a Microsoft software product that could affect your system. You can help protect your system by installing this update from Microsoft. For a complete listing of the issues that are included in this update, see the associated Microsoft Knowledge Base article. After you install this update, you may have to restart your system."], "date": "2/9/2015", "size": "622 KB", "severity": "Important", "support": "http://support.microsoft.com/kb/3004361", "replace": [], "replaced_by": []}], "KB3069392": [{"title": "Security Update for Windows Server 2003 x64 Edition (KB3069392)", "description": ["A security issue has been identified in a Microsoft software product that could affect your system. You can help protect your system by installing this update from Microsoft. For a complete listing of the issues that are included in this update, see the associated Microsoft Knowledge Base article. After you install this update, you may have to restart your system."], "date": "7/14/2015", "size": "1.0 MB", "severity": "Important", "support": "http://support.microsoft.com/kb/3069392", "replace": ["KB2876331", "KB3046306", "KB948590", "KB956802"], "replaced_by": []}, {"title": "Security Update for Windows Server 2003 (KB3069392)", "description": ["A security issue has been identified in a Microsoft software product that could affect your system. You can help protect your system by installing this update from Microsoft. For a complete listing of the issues that are included in this update, see the associated Microsoft Knowledge Base article. After you install this update, you may have to restart your system."], "date": "7/14/2015", "size": "623 KB", "severity": "Important", "support": "http://support.microsoft.com/kb/3069392", "replace": ["KB2876331", "KB3046306", "KB948590", "KB956802"], "replaced_by": []}], "KB3045171": [{"title": "Security Update for Windows Server 2003 x64 Edition (KB3045171)", "description": ["A security issue has been identified in a Microsoft software product that could affect your system. You can help protect your system by installing this update from Microsoft. For a complete listing of the issues that are included in this update, see the associated Microsoft Knowledge Base article. After you install this update, you may have to restart your system."], "date": "5/12/2015", "size": "4.1 MB", "severity": "Critical", "support": "http://support.microsoft.com/kb/3045171", "replace": ["KB2160329", "KB2436673", "KB2479628", "KB2506223", "KB2525694", "KB2555917", "KB2567053", "KB2639417", "KB2641653", "KB2660465", "KB2709162", "KB2718523", "KB2731847", "KB2761226", "KB2778344", "KB2779030", "KB2808735", "KB2829361", "KB2850851", "KB2876315", "KB2883150", "KB2893984", "KB2930275", "KB3000061", "KB3002885", "KB3013455", "KB3034344", "KB941693", "KB954211", "KB958690", "KB968537", "KB969947", "KB979559", "KB981957"], "replaced_by": []}, {"title": "Security Update for Windows Server 2003 (KB3045171)", "description": ["A security issue has been identified in a Microsoft software product that could affect your system. You can help protect your system by installing this update from Microsoft. For a complete listing of the issues that are included in this update, see the associated Microsoft Knowledge Base article. After you install this update, you may have to restart your system."], "date": "5/12/2015", "size": "2.1 MB", "severity": "Critical", "support": "http://support.microsoft.com/kb/3045171", "replace": ["KB2160329", "KB2436673", "KB2479628", "KB2506223", "KB2555917", "KB2567053", "KB2639417", "KB2641653", "KB2660465", "KB2709162", "KB2718523", "KB2731847", "KB2761226", "KB2778344", "KB2779030", "KB2808735", "KB2829361", "KB2850851", "KB2876315", "KB2883150", "KB2893984", "KB2930275", "KB3000061", "KB3002885", "KB3013455", "KB3034344", "KB941693", "KB954211", "KB958690", "KB968537", "KB969947", "KB979559", "KB981957"], "replaced_by": []}], "KB3011780": [{"title": "Security Update for Windows Server 2003 x64 Edition (KB3011780)", "description": ["A security issue has been identified in a Microsoft software product that could affect your system. You can help protect your system by installing this update from Microsoft. For a complete listing of the issues that are included in this update, see the associated Microsoft Knowledge Base article. After you install this update, you may have to restart your system."], "date": "11/18/2014", "size": "1.2 MB", "severity": "Critical", "support": "http://support.microsoft.com/kb/3011780", "replace": ["KB2478971", "KB977290", "KB2927811"], "replaced_by": []}, {"title": "Security Update for Windows Server 2003 (KB3011780)", "description": ["A security issue has been identified in a Microsoft software product that could affect your system. You can help protect your system by installing this update from Microsoft. For a complete listing of the issues that are included in this update, see the associated Microsoft Knowledge Base article. After you install this update, you may have to restart your system."], "date": "11/18/2014", "size": "721 KB", "severity": "Critical", "support": "http://support.microsoft.com/kb/3011780", "replace": ["KB2478971", "KB977290", "KB2927811"], "replaced_by": []}], "KB3068457": [{"title": "Security Update for Windows Server 2003 (KB3068457)", "description": ["A security issue has been identified in a Microsoft software product that could affect your system. You can help protect your system by installing this update from Microsoft. For a complete listing of the issues that are included in this update, see the associated Microsoft Knowledge Base article. After you install this update, you may have to restart your system."], "date": "7/14/2015", "size": "681 KB", "severity": "Important", "support": "http://support.microsoft.com/kb/3068457", "replace": ["KB2207559", "KB3002657"], "replaced_by": []}, {"title": "Security Update for Windows Server 2003 x64 Edition (KB3068457)", "description": ["A security issue has been identified in a Microsoft software product that could affect your system. You can help protect your system by installing this update from Microsoft. For a complete listing of the issues that are included in this update, see the associated Microsoft Knowledge Base article. After you install this update, you may have to restart your system."], "date": "7/14/2015", "size": "1.1 MB", "severity": "Important", "support": "http://support.microsoft.com/kb/3068457", "replace": ["KB2207559", "KB3002657"], "replaced_by": []}], "KB2957509": [{"title": "Security Update for Windows Server 2003 x64 Edition (KB2957509)", "description": ["A security issue has been identified in a Microsoft software product that could affect your system. You can help protect your system by installing this update from Microsoft. For a complete listing of the issues that are included in this update, see the associated Microsoft Knowledge Base article. After you install this update, you may have to restart your system."], "date": "6/10/2014", "size": "974 KB", "severity": "Critical", "support": "http://support.microsoft.com/kb/2957509", "replace": ["KB2850869", "KB981322"], "replaced_by": []}, {"title": "Security Update for Windows Server 2003 (KB2957509)", "description": ["A security issue has been identified in a Microsoft software product that could affect your system. You can help protect your system by installing this update from Microsoft. For a complete listing of the issues that are included in this update, see the associated Microsoft Knowledge Base article. After you install this update, you may have to restart your system."], "date": "6/10/2014", "size": "656 KB", "severity": "Critical", "support": "http://support.microsoft.com/kb/2957509", "replace": ["KB2850869", "KB981322"], "replaced_by": []}], "KB2893294": [{"title": "Security Update for Windows Server 2003 x64 Edition (KB2893294)", "description": ["A security issue has been identified in a Microsoft software product that could affect your system. You can help protect your system by installing this update from Microsoft. For a complete listing of the issues that are included in this update, see the associated Microsoft Knowledge Base article. After you install this update, you may have to restart your system."], "date": "12/9/2013", "size": "762 KB", "severity": "Critical", "support": "http://support.microsoft.com/kb/2893294", "replace": [], "replaced_by": []}, {"title": "Security Update for Windows Server 2003 (KB2893294)", "description": ["A security issue has been identified in a Microsoft software product that could affect your system. You can help protect your system by installing this update from Microsoft. For a complete listing of the issues that are included in this update, see the associated Microsoft Knowledge Base article. After you install this update, you may have to restart your system."], "date": "12/9/2013", "size": "565 KB", "severity": "Critical", "support": "http://support.microsoft.com/kb/2893294", "replace": [], "replaced_by": []}], "KB3033889": [{"title": "Security Update for Windows Server 2003 x64 Edition (KB3033889)", "description": ["A security issue has been identified in a Microsoft software product that could affect your system. You can help protect your system by installing this update from Microsoft. For a complete listing of the issues that are included in this update, see the associated Microsoft Knowledge Base article. After you install this update, you may have to restart your system."], "date": "3/10/2015", "size": "1.0 MB", "severity": "Critical", "support": "http://support.microsoft.com/kb/3033889", "replace": [], "replaced_by": []}, {"title": "Security Update for Windows Server 2003 (KB3033889)", "description": ["A security issue has been identified in a Microsoft software product that could affect your system. You can help protect your system by installing this update from Microsoft. For a complete listing of the issues that are included in this update, see the associated Microsoft Knowledge Base article. After you install this update, you may have to restart your system."], "date": "3/10/2015", "size": "635 KB", "severity": "Critical", "support": "http://support.microsoft.com/kb/3033889", "replace": [], "replaced_by": []}], "KB2753842": [{"title": "Security Update for Windows Server 2003 (KB2753842)", "description": ["A security issue has been identified that could allow an unauthenticated remote attacker to compromise your system and gain control over it. You can help protect your system by installing this update from Microsoft. After you install this update, you may have to restart your system."], "date": "12/20/2012", "size": "635 KB", "severity": "Critical", "support": "http://go.microsoft.com/fwlink/?LinkId=271624", "replace": ["KB2279986", "KB2485376", "KB2507618", "KB980218"], "replaced_by": ["KB2847311", "KB3032323", "KB3077657"]}, {"title": "Security Update for Windows Server 2003 x64 Edition (KB2753842)", "description": ["A security issue has been identified that could allow an unauthenticated remote attacker to compromise your system and gain control over it. You can help protect your system by installing this update from Microsoft. After you install this update, you may have to restart your system."], "date": "12/20/2012", "size": "862 KB", "severity": "Critical", "support": "http://go.microsoft.com/fwlink/?LinkId=271624", "replace": ["KB2279986", "KB2485376", "KB2507618", "KB980218"], "replaced_by": ["KB2847311", "KB3032323", "KB3077657"]}], "KB2961072": [{"title": "Security Update for Windows Server 2003 x64 Edition (KB2961072)", "description": ["A security issue has been identified in a Microsoft software product that could affect your system. You can help protect your system by installing this update from Microsoft. For a complete listing of the issues that are included in this update, see the associated Microsoft Knowledge Base article. After you install this update, you may have to restart your system."], "date": "7/7/2014", "size": "783 KB", "severity": "Important", "support": "http://support.microsoft.com/kb/2961072", "replace": ["KB2503665", "KB2592799", "KB2645640", "KB2875783", "KB956803"], "replaced_by": []}, {"title": "Security Update for Windows Server 2003 (KB2961072)", "description": ["A security issue has been identified in a Microsoft software product that could affect your system. You can help protect your system by installing this update from Microsoft. For a complete listing of the issues that are included in this update, see the associated Microsoft Knowledge Base article. After you install this update, you may have to restart your system."], "date": "7/7/2014", "size": "568 KB", "severity": "Important", "support": "http://support.microsoft.com/kb/2961072", "replace": ["KB2503665", "KB2592799", "KB2645640", "KB956803"], "replaced_by": []}], "KB3077657": [{"title": "Security Update for Windows Server 2003 (KB3077657)", "description": ["A security issue has been identified in a Microsoft software product that could affect your system. You can help protect your system by installing this update from Microsoft. For a complete listing of the issues that are included in this update, see the associated Microsoft Knowledge Base article. After you install this update, you may have to restart your system."], "date": "7/14/2015", "size": "638 KB", "severity": "Important", "support": "http://support.microsoft.com/kb/3077657", "replace": ["KB2279986", "KB2485376", "KB2507618", "KB2753842", "KB2847311", "KB3032323", "KB980218"], "replaced_by": []}, {"title": "Security Update for Windows Server 2003 x64 Edition (KB3077657)", "description": ["A security issue has been identified in a Microsoft software product that could affect your system. You can help protect your system by installing this update from Microsoft. For a complete listing of the issues that are included in this update, see the associated Microsoft Knowledge Base article. After you install this update, you may have to restart your system."], "date": "7/14/2015", "size": "856 KB", "severity": "Important", "support": "http://support.microsoft.com/kb/3077657", "replace": ["KB2279986", "KB2485376", "KB2507618", "KB2753842", "KB2847311", "KB3032323", "KB980218"], "replaced_by": []}], "KB2922229": [{"title": "Security Update for Windows Server 2003 x64 Edition (KB2922229)", "description": ["A security issue has been identified in a Microsoft software product that could affect your system. You can help protect your system by installing this update from Microsoft. For a complete listing of the issues that are included in this update, see the associated Microsoft Knowledge Base article. After you install this update, you may have to restart your system."], "date": "4/7/2014", "size": "1.3 MB", "severity": "Important", "support": "http://support.microsoft.com/kb/2922229", "replace": ["KB2758857", "KB935839"], "replaced_by": []}, {"title": "Security Update for Windows Server 2003 (KB2922229)", "description": ["A security issue has been identified in a Microsoft software product that could affect your system. You can help protect your system by installing this update from Microsoft. For a complete listing of the issues that are included in this update, see the associated Microsoft Knowledge Base article. After you install this update, you may have to restart your system."], "date": "4/7/2014", "size": "806 KB", "severity": "Important", "support": "http://support.microsoft.com/kb/2922229", "replace": ["KB2758857", "KB935839"], "replaced_by": []}], "KB3019215": [{"title": "Security Update for Windows Server 2003 x64 Edition (KB3019215)", "description": ["A security issue has been identified in a Microsoft software product that could affect your system. You can help protect your system by installing this update from Microsoft. For a complete listing of the issues that are included in this update, see the associated Microsoft Knowledge Base article. After you install this update, you may have to restart your system."], "date": "1/12/2015", "size": "777 KB", "severity": "Important", "support": "http://support.microsoft.com/kb/3019215", "replace": ["KB946026"], "replaced_by": []}, {"title": "Security Update for Windows Server 2003 (KB3019215)", "description": ["A security issue has been identified in a Microsoft software product that could affect your system. You can help protect your system by installing this update from Microsoft. For a complete listing of the issues that are included in this update, see the associated Microsoft Knowledge Base article. After you install this update, you may have to restart your system."], "date": "1/12/2015", "size": "578 KB", "severity": "Important", "support": "http://support.microsoft.com/kb/3019215", "replace": ["KB946026"], "replaced_by": []}], "KB3002657": [{"title": "Security Update for Windows Server 2003 x64 Edition (KB3002657)", "description": ["A security issue has been identified in a Microsoft software product that could affect your system. You can help protect your system by installing this update from Microsoft. For a complete listing of the issues that are included in this update, see the associated Microsoft Knowledge Base article. After you install this update, you may have to restart your system."], "date": "3/16/2015", "size": "1.1 MB", "severity": "Important", "support": "http://support.microsoft.com/kb/3002657", "replace": [], "replaced_by": ["KB3068457"]}, {"title": "Security Update for Windows Server 2003 (KB3002657)", "description": ["A security issue has been identified in a Microsoft software product that could affect your system. You can help protect your system by installing this update from Microsoft. For a complete listing of the issues that are included in this update, see the associated Microsoft Knowledge Base article. After you install this update, you may have to restart your system."], "date": "3/16/2015", "size": "681 KB", "severity": "Important", "support": "http://support.microsoft.com/kb/3002657", "replace": [], "replaced_by": ["KB3068457"]}], "KB2993958": [{"title": "Security Update for Windows Server 2003 (KB2993958)", "description": ["A security issue has been identified in a Microsoft software product that could affect your system. You can help protect your system by installing this update from Microsoft. For a complete listing of the issues that are included in this update, see the associated Microsoft Knowledge Base article. After you install this update, you may have to restart your system."], "date": "11/11/2014", "size": "921 KB", "severity": "Important", "support": "http://support.microsoft.com/kb/2993958", "replace": ["KB2079403", "KB2719985", "KB2916036", "KB2939576", "KB936021", "KB955069", "KB973687"], "replaced_by": ["KB3046482"]}, {"title": "Security Update for Windows Server 2003 x64 Edition (KB2993958)", "description": ["A security issue has been identified in a Microsoft software product that could affect your system. You can help protect your system by installing this update from Microsoft. For a complete listing of the issues that are included in this update, see the associated Microsoft Knowledge Base article. After you install this update, you may have to restart your system."], "date": "11/11/2014", "size": "1.7 MB", "severity": "Important", "support": "http://support.microsoft.com/kb/2993958", "replace": ["KB2079403", "KB2757638", "KB2916036", "KB2939576", "KB936021", "KB955069", "KB973687"], "replaced_by": ["KB3046482"]}], "KB3045685": [{"title": "Security Update for Windows Server 2003 x64 Edition (KB3045685)", "description": ["A security issue has been identified in a Microsoft software product that could affect your system. You can help protect your system by installing this update from Microsoft. For a complete listing of the issues that are included in this update, see the associated Microsoft Knowledge Base article. After you install this update, you may have to restart your system."], "date": "4/13/2015", "size": "850 KB", "severity": "Important", "support": "http://support.microsoft.com/kb/3045685", "replace": [], "replaced_by": []}, {"title": "Security Update for Windows Server 2003 (KB3045685)", "description": ["A security issue has been identified in a Microsoft software product that could affect your system. You can help protect your system by installing this update from Microsoft. For a complete listing of the issues that are included in this update, see the associated Microsoft Knowledge Base article. After you install this update, you may have to restart your system."], "date": "4/13/2015", "size": "613 KB", "severity": "Important", "support": "http://support.microsoft.com/kb/3045685", "replace": [], "replaced_by": []}], "KB2998579": [{"title": "Security Update for Windows Server 2003 x64 Edition (KB2998579)", "description": ["A security issue has been identified in a Microsoft software product that could affect your system. You can help protect your system by installing this update from Microsoft. For a complete listing of the issues that are included in this update, see the associated Microsoft Knowledge Base article. After you install this update, you may have to restart your system."], "date": "10/14/2014", "size": "764 KB", "severity": "Important", "support": "http://support.microsoft.com/kb/2998579", "replace": [], "replaced_by": []}, {"title": "Security Update for Windows Server 2003 (KB2998579)", "description": ["A security issue has been identified in a Microsoft software product that could affect your system. You can help protect your system by installing this update from Microsoft. For a complete listing of the issues that are included in this update, see the associated Microsoft Knowledge Base article. After you install this update, you may have to restart your system."], "date": "10/14/2014", "size": "569 KB", "severity": "Important", "support": "http://support.microsoft.com/kb/2998579", "replace": [], "replaced_by": []}], "KB2916036": [{"title": "Security Update for Windows Server 2003 (KB2916036)", "description": ["A security issue has been identified in a Microsoft software product that could affect your system. You can help protect your system by installing this update from Microsoft. For a complete listing of the issues that are included in this update, see the associated Microsoft Knowledge Base article. After you install this update, you may have to restart your system."], "date": "2/10/2014", "size": "921 KB", "severity": "Low", "support": "http://support.microsoft.com/kb/2916036", "replace": ["KB2719985"], "replaced_by": ["KB2939576", "KB2993958"]}, {"title": "Security Update for Windows Server 2003 x64 Edition (KB2916036)", "description": ["A security issue has been identified in a Microsoft software product that could affect your system. You can help protect your system by installing this update from Microsoft. For a complete listing of the issues that are included in this update, see the associated Microsoft Knowledge Base article. After you install this update, you may have to restart your system."], "date": "2/10/2014", "size": "1.7 MB", "severity": "Low", "support": "http://support.microsoft.com/kb/2916036", "replace": ["KB2757638"], "replaced_by": ["KB2939576", "KB2993958"]}], "KB3032323": [{"title": "Security Update for Windows Server 2003 x64 Edition (KB3032323)", "description": ["A security issue has been identified in a Microsoft software product that could affect your system. You can help protect your system by installing this update from Microsoft. For a complete listing of the issues that are included in this update, see the associated Microsoft Knowledge Base article. After you install this update, you may have to restart your system."], "date": "3/10/2015", "size": "856 KB", "severity": "Critical", "support": "http://support.microsoft.com/kb/3032323", "replace": ["KB2279986", "KB2485376", "KB2507618", "KB2753842", "KB2847311", "KB980218"], "replaced_by": ["KB3077657"]}, {"title": "Security Update for Windows Server 2003 (KB3032323)", "description": ["A security issue has been identified in a Microsoft software product that could affect your system. You can help protect your system by installing this update from Microsoft. For a complete listing of the issues that are included in this update, see the associated Microsoft Knowledge Base article. After you install this update, you may have to restart your system."], "date": "3/10/2015", "size": "638 KB", "severity": "Critical", "support": "http://support.microsoft.com/kb/3032323", "replace": ["KB2279986", "KB2485376", "KB2507618", "KB2753842", "KB2847311", "KB980218"], "replaced_by": ["KB3077657"]}], "KB3013126": [{"title": "Security Update for Windows Server 2003 (KB3013126)", "description": ["A security issue has been identified in a Microsoft software product that could affect your system. You can help protect your system by installing this update from Microsoft. For a complete listing of the issues that are included in this update, see the associated Microsoft Knowledge Base article. After you install this update, you may have to restart your system."], "date": "12/9/2014", "size": "1.3 MB", "severity": "Important", "support": "http://support.microsoft.com/kb/3013126", "replace": [], "replaced_by": []}, {"title": "Security Update for Windows Server 2003 x64 Edition (KB3013126)", "description": ["A security issue has been identified in a Microsoft software product that could affect your system. You can help protect your system by installing this update from Microsoft. For a complete listing of the issues that are included in this update, see the associated Microsoft Knowledge Base article. After you install this update, you may have to restart your system."], "date": "12/9/2014", "size": "2.3 MB", "severity": "Important", "support": "http://support.microsoft.com/kb/3013126", "replace": [], "replaced_by": []}], "KB3070102": [{"title": "Security Update for Windows Server 2003 (KB3070102)", "description": ["A security issue has been identified in a Microsoft software product that could affect your system. You can help protect your system by installing this update from Microsoft. For a complete listing of the issues that are included in this update, see the associated Microsoft Knowledge Base article. After you install this update, you may have to restart your system."], "date": "7/14/2015", "size": "1.4 MB", "severity": "Important", "support": "http://support.microsoft.com/kb/3070102", "replace": ["KB2160329", "KB2436673", "KB2479628", "KB2506223", "KB2555917", "KB2567053", "KB2639417", "KB2641653", "KB2660465", "KB2709162", "KB2718523", "KB2731847", "KB2761226", "KB2778344", "KB2779030", "KB2808735", "KB2829361", "KB2850851", "KB2876315", "KB2883150", "KB2893984", "KB2930275", "KB3000061", "KB3002885", "KB3013455", "KB3034344", "KB3057839", "KB941693", "KB954211", "KB958690", "KB968537", "KB969947", "KB979559", "KB981957"], "replaced_by": []}, {"title": "Security Update for Windows Server 2003 x64 Edition (KB3070102)", "description": ["A security issue has been identified in a Microsoft software product that could affect your system. You can help protect your system by installing this update from Microsoft. For a complete listing of the issues that are included in this update, see the associated Microsoft Knowledge Base article. After you install this update, you may have to restart your system."], "date": "7/14/2015", "size": "2.4 MB", "severity": "Important", "support": "http://support.microsoft.com/kb/3070102", "replace": ["KB2160329", "KB2436673", "KB2479628", "KB2506223", "KB2525694", "KB2555917", "KB2567053", "KB2639417", "KB2641653", "KB2660465", "KB2709162", "KB2718523", "KB2731847", "KB2761226", "KB2778344", "KB2779030", "KB2808735", "KB2829361", "KB2850851", "KB2876315", "KB2883150", "KB2893984", "KB2930275", "KB3000061", "KB3002885", "KB3013455", "KB3034344", "KB3057839", "KB941693", "KB954211", "KB958690", "KB968537", "KB969947", "KB979559", "KB981957"], "replaced_by": []}], "KB3021674": [{"title": "Security Update for Windows Server 2003 x64 Edition (KB3021674)", "description": ["A security issue has been identified in a Microsoft software product that could affect your system. You can help protect your system by installing this update from Microsoft. For a complete listing of the issues that are included in this update, see the associated Microsoft Knowledge Base article. After you install this update, you may have to restart your system."], "date": "1/13/2015", "size": "1.1 MB", "severity": "Important", "support": "http://support.microsoft.com/kb/3021674", "replace": [], "replaced_by": []}, {"title": "Security Update for Windows Server 2003 (KB3021674)", "description": ["A security issue has been identified in a Microsoft software product that could affect your system. You can help protect your system by installing this update from Microsoft. For a complete listing of the issues that are included in this update, see the associated Microsoft Knowledge Base article. After you install this update, you may have to restart your system."], "date": "1/13/2015", "size": "705 KB", "severity": "Important", "support": "http://support.microsoft.com/kb/3021674", "replace": [], "replaced_by": []}], "KB3006226": [{"title": "Security Update for Windows Server 2003 (KB3006226)", "description": ["A security issue has been identified in a Microsoft software product that could affect your system. You can help protect your system by installing this update from Microsoft. For a complete listing of the issues that are included in this update, see the associated Microsoft Knowledge Base article. After you install this update, you may have to restart your system."], "date": "11/11/2014", "size": "741 KB", "severity": "Critical", "support": "http://support.microsoft.com/kb/3006226", "replace": ["KB2476490", "KB921503", "KB943055"], "replaced_by": []}, {"title": "Security Update for Windows Server 2003 x64 Edition (KB3006226)", "description": ["A security issue has been identified in a Microsoft software product that could affect your system. You can help protect your system by installing this update from Microsoft. For a complete listing of the issues that are included in this update, see the associated Microsoft Knowledge Base article. After you install this update, you may have to restart your system."], "date": "11/11/2014", "size": "1.2 MB", "severity": "Critical", "support": "http://support.microsoft.com/kb/3006226", "replace": ["KB2476490", "KB921503", "KB943055"], "replaced_by": []}], "KB3067505": [{"title": "Security Update for Windows Server 2003 x64 Edition (KB3067505)", "description": ["A security issue has been identified in a Microsoft software product that could affect your system. You can help protect your system by installing this update from Microsoft. For a complete listing of the issues that are included in this update, see the associated Microsoft Knowledge Base article. After you install this update, you may have to restart your system."], "date": "7/14/2015", "size": "3.1 MB", "severity": "Important", "support": "http://support.microsoft.com/kb/3067505", "replace": ["KB2360937", "KB2585542", "KB2655992", "KB2849470", "KB2898715", "KB933729", "KB935840", "KB960225", "KB970238", "KB975467", "KB975467", "KB980436", "KB982802", "KB973825"], "replaced_by": []}, {"title": "Security Update for Windows Server 2003 (KB3067505)", "description": ["A security issue has been identified in a Microsoft software product that could affect your system. You can help protect your system by installing this update from Microsoft. For a complete listing of the issues that are included in this update, see the associated Microsoft Knowledge Base article. After you install this update, you may have to restart your system."], "date": "7/14/2015", "size": "1.5 MB", "severity": "Important", "support": "http://support.microsoft.com/kb/3067505", "replace": ["KB2360937", "KB2585542", "KB2655992", "KB2849470", "KB2898715", "KB933729", "KB935840", "KB960225", "KB970238", "KB975467", "KB975467", "KB980436", "KB982802", "KB973825"], "replaced_by": []}], "KB3002885": [{"title": "Security Update for Windows Server 2003 x64 Edition (KB3002885)", "description": ["A security issue has been identified in a Microsoft software product that could affect your system. You can help protect your system by installing this update from Microsoft. For a complete listing of the issues that are included in this update, see the associated Microsoft Knowledge Base article. After you install this update, you may have to restart your system."], "date": "11/11/2014", "size": "2.4 MB", "severity": "Moderate", "support": "http://support.microsoft.com/kb/3002885", "replace": ["KB2160329", "KB2436673", "KB2479628", "KB2506223", "KB2525694", "KB2555917", "KB2567053", "KB2639417", "KB2641653", "KB2660465", "KB2709162", "KB2718523", "KB2731847", "KB2761226", "KB2778344", "KB2779030", "KB2808735", "KB2829361", "KB2850851", "KB2876315", "KB2883150", "KB2893984", "KB2930275", "KB3000061", "KB941693", "KB954211", "KB958690", "KB968537", "KB969947", "KB979559", "KB981957"], "replaced_by": ["KB3013455", "KB3034344", "KB3045171", "KB3057839", "KB3070102"]}, {"title": "Security Update for Windows Server 2003 (KB3002885)", "description": ["A security issue has been identified in a Microsoft software product that could affect your system. You can help protect your system by installing this update from Microsoft. For a complete listing of the issues that are included in this update, see the associated Microsoft Knowledge Base article. After you install this update, you may have to restart your system."], "date": "11/11/2014", "size": "1.4 MB", "severity": "Moderate", "support": "http://support.microsoft.com/kb/3002885", "replace": ["KB2160329", "KB2436673", "KB2479628", "KB2506223", "KB2555917", "KB2567053", "KB2639417", "KB2641653", "KB2660465", "KB2709162", "KB2718523", "KB2731847", "KB2761226", "KB2778344", "KB2779030", "KB2808735", "KB2829361", "KB2850851", "KB2876315", "KB2883150", "KB2893984", "KB2930275", "KB3000061", "KB941693", "KB954211", "KB958690", "KB968537", "KB969947", "KB979559", "KB981957"], "replaced_by": ["KB3013455", "KB3034344", "KB3045171", "KB3057839", "KB3070102"]}], "KB3039066": [{"title": "Security Update for Windows Server 2003 x64 Edition (KB3039066)", "description": ["A security issue has been identified in a Microsoft software product that could affect your system. You can help protect your system by installing this update from Microsoft. For a complete listing of the issues that are included in this update, see the associated Microsoft Knowledge Base article. After you install this update, you may have to restart your system."], "date": "3/10/2015", "size": "6.2 MB", "severity": "Critical", "support": "http://support.microsoft.com/kb/3039066", "replace": ["KB2286198", "KB2691442", "KB943460", "KB967715"], "replaced_by": []}, {"title": "Security Update for Windows Server 2003 (KB3039066)", "description": ["A security issue has been identified in a Microsoft software product that could affect your system. You can help protect your system by installing this update from Microsoft. For a complete listing of the issues that are included in this update, see the associated Microsoft Knowledge Base article. After you install this update, you may have to restart your system."], "date": "3/10/2015", "size": "2.9 MB", "severity": "Critical", "support": "http://support.microsoft.com/kb/3039066", "replace": ["KB2286198", "KB2691442", "KB943460", "KB967715"], "replaced_by": []}], "KB2893984": [{"title": "Security Update for Windows Server 2003 x64 Edition (KB2893984)", "description": ["A security issue has been identified in a Microsoft software product that could affect your system. You can help protect your system by installing this update from Microsoft. For a complete listing of the issues that are included in this update, see the associated Microsoft Knowledge Base article. After you install this update, you may have to restart your system."], "date": "12/9/2013", "size": "2.4 MB", "severity": "Important", "support": "http://support.microsoft.com/kb/2893984", "replace": ["KB2829361", "KB2850851", "KB2876315", "KB2883150"], "replaced_by": ["KB2930275", "KB2993651", "KB3000061", "KB3002885", "KB3013455", "KB3034344", "KB3045171", "KB3057839", "KB3070102"]}, {"title": "Security Update for Windows Server 2003 (KB2893984)", "description": ["A security issue has been identified in a Microsoft software product that could affect your system. You can help protect your system by installing this update from Microsoft. For a complete listing of the issues that are included in this update, see the associated Microsoft Knowledge Base article. After you install this update, you may have to restart your system."], "date": "12/9/2013", "size": "1.4 MB", "severity": "Important", "support": "http://support.microsoft.com/kb/2893984", "replace": ["KB2829361", "KB2850851", "KB2876315", "KB2883150"], "replaced_by": ["KB2930275", "KB2993651", "KB3000061", "KB3002885", "KB3013455", "KB3034344", "KB3045171", "KB3057839", "KB3070102"]}], "KB2993254": [{"title": "Security Update for Windows Server 2003 (KB2993254)", "description": ["A security issue has been identified in a Microsoft software product that could affect your system. You can help protect your system by installing this update from Microsoft. For a complete listing of the issues that are included in this update, see the associated Microsoft Knowledge Base article. After you install this update, you may have to restart your system."], "date": "10/14/2014", "size": "840 KB", "severity": "Important", "support": "http://support.microsoft.com/kb/2993254", "replace": [], "replaced_by": []}, {"title": "Security Update for Windows Server 2003 x64 Edition (KB2993254)", "description": ["A security issue has been identified in a Microsoft software product that could affect your system. You can help protect your system by installing this update from Microsoft. For a complete listing of the issues that are included in this update, see the associated Microsoft Knowledge Base article. After you install this update, you may have to restart your system."], "date": "10/14/2014", "size": "1.2 MB", "severity": "Important", "support": "http://support.microsoft.com/kb/2993254", "replace": [], "replaced_by": []}], "KB2993651": [{"title": "Security Update for Windows Server 2003 x64 Edition (KB2993651)", "description": ["A security issue has been identified in a Microsoft software product that could affect your system. You can help protect your system by installing this update from Microsoft. For a complete listing of the issues that are included in this update, see the associated Microsoft Knowledge Base article. After you install this update, you may have to restart your system."], "date": "8/27/2014", "size": "2.8 MB", "severity": "Important", "support": "http://support.microsoft.com/kb/2993651", "replace": ["KB2160329", "KB2436673", "KB2479628", "KB2506223", "KB2525694", "KB2555917", "KB2567053", "KB2639417", "KB2641653", "KB2660465", "KB2709162", "KB2718523", "KB2731847", "KB2761226", "KB2778344", "KB2779030", "KB2808735", "KB2829361", "KB2850851", "KB2876315", "KB2876331", "KB2883150", "KB2893984", "KB2930275", "KB941693", "KB948590", "KB954211", "KB956802", "KB958690", "KB968537", "KB969947", "KB979559", "KB981957"], "replaced_by": []}, {"title": "Security Update for Windows Server 2003 (KB2993651)", "description": ["A security issue has been identified in a Microsoft software product that could affect your system. You can help protect your system by installing this update from Microsoft. For a complete listing of the issues that are included in this update, see the associated Microsoft Knowledge Base article. After you install this update, you may have to restart your system."], "date": "8/27/2014", "size": "1.5 MB", "severity": "Important", "support": "http://support.microsoft.com/kb/2993651", "replace": ["KB2160329", "KB2436673", "KB2479628", "KB2506223", "KB2555917", "KB2567053", "KB2639417", "KB2641653", "KB2660465", "KB2709162", "KB2718523", "KB2731847", "KB2761226", "KB2778344", "KB2779030", "KB2808735", "KB2829361", "KB2850851", "KB2876315", "KB2876331", "KB2883150", "KB2893984", "KB2930275", "KB941693", "KB948590", "KB954211", "KB956802", "KB958690", "KB968537", "KB969947", "KB979559", "KB981957"], "replaced_by": []}], "KB3034344": [{"title": "Security Update for Windows Server 2003 (KB3034344)", "description": ["A security issue has been identified in a Microsoft software product that could affect your system. You can help protect your system by installing this update from Microsoft. For a complete listing of the issues that are included in this update, see the associated Microsoft Knowledge Base article. After you install this update, you may have to restart your system."], "date": "3/10/2015", "size": "1.4 MB", "severity": "Important", "support": "http://support.microsoft.com/kb/3034344", "replace": ["KB2160329", "KB2436673", "KB2479628", "KB2506223", "KB2555917", "KB2567053", "KB2639417", "KB2641653", "KB2660465", "KB2709162", "KB2718523", "KB2731847", "KB2761226", "KB2778344", "KB2779030", "KB2808735", "KB2829361", "KB2850851", "KB2876315", "KB2883150", "KB2893984", "KB2930275", "KB3000061", "KB3002885", "KB3013455", "KB941693", "KB954211", "KB958690", "KB968537", "KB969947", "KB979559", "KB981957"], "replaced_by": ["KB3045171", "KB3057839", "KB3070102"]}, {"title": "Security Update for Windows Server 2003 x64 Edition (KB3034344)", "description": ["A security issue has been identified in a Microsoft software product that could affect your system. You can help protect your system by installing this update from Microsoft. For a complete listing of the issues that are included in this update, see the associated Microsoft Knowledge Base article. After you install this update, you may have to restart your system."], "date": "3/10/2015", "size": "2.4 MB", "severity": "Important", "support": "http://support.microsoft.com/kb/3034344", "replace": ["KB2160329", "KB2436673", "KB2479628", "KB2506223", "KB2525694", "KB2555917", "KB2567053", "KB2639417", "KB2641653", "KB2660465", "KB2709162", "KB2718523", "KB2731847", "KB2761226", "KB2778344", "KB2779030", "KB2808735", "KB2829361", "KB2850851", "KB2876315", "KB2883150", "KB2893984", "KB2930275", "KB3000061", "KB3002885", "KB3013455", "KB941693", "KB954211", "KB958690", "KB968537", "KB969947", "KB979559", "KB981957"], "replaced_by": ["KB3045171", "KB3057839", "KB3070102"]}], "KB3029944": [{"title": "Security Update for Windows Server 2003 x64 Edition (KB3029944)", "description": ["A security issue has been identified in a Microsoft software product that could affect your system. You can help protect your system by installing this update from Microsoft. For a complete listing of the issues that are included in this update, see the associated Microsoft Knowledge Base article. After you install this update, you may have to restart your system."], "date": "2/9/2015", "size": "2.3 MB", "severity": "Important", "support": "http://support.microsoft.com/kb/3029944", "replace": [], "replaced_by": []}, {"title": "Security Update for Windows Server 2003 (KB3029944)", "description": ["A security issue has been identified in a Microsoft software product that could affect your system. You can help protect your system by installing this update from Microsoft. For a complete listing of the issues that are included in this update, see the associated Microsoft Knowledge Base article. After you install this update, you may have to restart your system."], "date": "2/9/2015", "size": "1.3 MB", "severity": "Important", "support": "http://support.microsoft.com/kb/3029944", "replace": [], "replaced_by": []}], "KB3045999": [{"title": "Security Update for Windows Server 2003 x64 Edition (KB3045999)", "description": ["A security issue has been identified in a Microsoft software product that could affect your system. You can help protect your system by installing this update from Microsoft. For a complete listing of the issues that are included in this update, see the associated Microsoft Knowledge Base article. After you install this update, you may have to restart your system."], "date": "4/13/2015", "size": "4.8 MB", "severity": "Important", "support": "http://support.microsoft.com/kb/3045999", "replace": ["KB2393802", "KB2644615", "KB2724197", "KB2799494", "KB2813170", "KB3033395", "KB956841", "KB971486", "KB979683", "KB932596"], "replaced_by": []}, {"title": "Security Update for Windows Server 2003 (KB3045999)", "description": ["A security issue has been identified in a Microsoft software product that could affect your system. You can help protect your system by installing this update from Microsoft. For a complete listing of the issues that are included in this update, see the associated Microsoft Knowledge Base article. After you install this update, you may have to restart your system."], "date": "4/13/2015", "size": "2.6 MB", "severity": "Important", "support": "http://support.microsoft.com/kb/3045999", "replace": ["KB2393802", "KB2633171", "KB2644615", "KB2707511", "KB2724197", "KB2799494", "KB2813170", "KB2839229", "KB2859537", "KB3033395", "KB931784", "KB956841", "KB971486", "KB977165", "KB979683"], "replaced_by": []}], "KB3014029": [{"title": "Security Update for Windows Server 2003 (KB3014029)", "description": ["A security issue has been identified in a Microsoft software product that could affect your system. You can help protect your system by installing this update from Microsoft. For a complete listing of the issues that are included in this update, see the associated Microsoft Knowledge Base article. After you install this update, you may have to restart your system."], "date": "1/13/2015", "size": "547 KB", "severity": "Important", "support": "http://support.microsoft.com/kb/3014029", "replace": [], "replaced_by": []}, {"title": "Security Update for Windows Server 2003 x64 Edition (KB3014029)", "description": ["A security issue has been identified in a Microsoft software product that could affect your system. You can help protect your system by installing this update from Microsoft. For a complete listing of the issues that are included in this update, see the associated Microsoft Knowledge Base article. After you install this update, you may have to restart your system."], "date": "1/13/2015", "size": "795 KB", "severity": "Important", "support": "http://support.microsoft.com/kb/3014029", "replace": [], "replaced_by": []}], "KB3046049": [{"title": "Security Update for Windows Server 2003 x64 Edition (KB3046049)", "description": ["A security issue has been identified in a Microsoft software product that could affect your system. You can help protect your system by installing this update from Microsoft. For a complete listing of the issues that are included in this update, see the associated Microsoft Knowledge Base article. After you install this update, you may have to restart your system."], "date": "3/10/2015", "size": "1.1 MB", "severity": "Important", "support": "http://support.microsoft.com/kb/3046049", "replace": ["KB2585542", "KB2655992", "KB2992611", "KB935840", "KB960225", "KB975467", "KB975467", "KB980436"], "replaced_by": ["KB3061518"]}, {"title": "Security Update for Windows Server 2003 (KB3046049)", "description": ["A security issue has been identified in a Microsoft software product that could affect your system. You can help protect your system by installing this update from Microsoft. For a complete listing of the issues that are included in this update, see the associated Microsoft Knowledge Base article. After you install this update, you may have to restart your system."], "date": "3/10/2015", "size": "693 KB", "severity": "Important", "support": "http://support.microsoft.com/kb/3046049", "replace": ["KB2585542", "KB2655992", "KB2992611", "KB935840", "KB960225", "KB975467", "KB975467", "KB980436"], "replaced_by": ["KB3061518"]}], "KB3057839": [{"title": "Security Update for Windows Server 2003 x64 Edition (KB3057839)", "description": ["A security issue has been identified in a Microsoft software product that could affect your system. You can help protect your system by installing this update from Microsoft. For a complete listing of the issues that are included in this update, see the associated Microsoft Knowledge Base article. After you install this update, you may have to restart your system."], "date": "6/8/2015", "size": "2.4 MB", "severity": "Important", "support": "http://support.microsoft.com/kb/3057839", "replace": ["KB2160329", "KB2436673", "KB2479628", "KB2506223", "KB2525694", "KB2555917", "KB2567053", "KB2639417", "KB2641653", "KB2660465", "KB2709162", "KB2718523", "KB2731847", "KB2761226", "KB2778344", "KB2779030", "KB2808735", "KB2829361", "KB2850851", "KB2876315", "KB2883150", "KB2893984", "KB2930275", "KB3000061", "KB3002885", "KB3013455", "KB3034344", "KB941693", "KB954211", "KB958690", "KB968537", "KB969947", "KB979559", "KB981957"], "replaced_by": ["KB3070102"]}, {"title": "Security Update for Windows Server 2003 (KB3057839)", "description": ["A security issue has been identified in a Microsoft software product that could affect your system. You can help protect your system by installing this update from Microsoft. For a complete listing of the issues that are included in this update, see the associated Microsoft Knowledge Base article. After you install this update, you may have to restart your system."], "date": "6/8/2015", "size": "1.4 MB", "severity": "Important", "support": "http://support.microsoft.com/kb/3057839", "replace": ["KB2160329", "KB2436673", "KB2479628", "KB2506223", "KB2555917", "KB2567053", "KB2639417", "KB2641653", "KB2660465", "KB2709162", "KB2718523", "KB2731847", "KB2761226", "KB2778344", "KB2779030", "KB2808735", "KB2829361", "KB2850851", "KB2876315", "KB2883150", "KB2893984", "KB2930275", "KB3000061", "KB3002885", "KB3013455", "KB3034344", "KB941693", "KB954211", "KB958690", "KB968537", "KB969947", "KB979559", "KB981957"], "replaced_by": ["KB3070102"]}], "KB3072633": [{"title": "Security Update for Windows Server 2003 x64 Edition (KB3072633)", "description": ["A security issue has been identified in a Microsoft software product that could affect your system. You can help protect your system by installing this update from Microsoft. For a complete listing of the issues that are included in this update, see the associated Microsoft Knowledge Base article. After you install this update, you may have to restart your system."], "date": "7/14/2015", "size": "2.1 MB", "severity": "Important", "support": "http://support.microsoft.com/kb/3072633", "replace": ["KB2624667", "KB2876217"], "replaced_by": []}, {"title": "Security Update for Windows Server 2003 (KB3072633)", "description": ["A security issue has been identified in a Microsoft software product that could affect your system. You can help protect your system by installing this update from Microsoft. For a complete listing of the issues that are included in this update, see the associated Microsoft Knowledge Base article. After you install this update, you may have to restart your system."], "date": "7/14/2015", "size": "1.0 MB", "severity": "Important", "support": "http://support.microsoft.com/kb/3072633", "replace": ["KB2624667", "KB2876217"], "replaced_by": []}], "KB3013455": [{"title": "Security Update for Windows Server 2003 x64 Edition (KB3013455)", "description": ["A security issue has been identified in a Microsoft software product that could affect your system. You can help protect your system by installing this update from Microsoft. For a complete listing of the issues that are included in this update, see the associated Microsoft Knowledge Base article. After you install this update, you may have to restart your system."], "date": "2/9/2015", "size": "2.4 MB", "severity": "Important", "support": "http://support.microsoft.com/kb/3013455", "replace": ["KB2160329", "KB2436673", "KB2479628", "KB2506223", "KB2525694", "KB2555917", "KB2567053", "KB2639417", "KB2641653", "KB2660465", "KB2709162", "KB2718523", "KB2731847", "KB2761226", "KB2778344", "KB2779030", "KB2808735", "KB2829361", "KB2850851", "KB2876315", "KB2883150", "KB2893984", "KB2930275", "KB3000061", "KB3002885", "KB941693", "KB954211", "KB958690", "KB968537", "KB969947", "KB979559", "KB981957"], "replaced_by": ["KB3034344", "KB3045171", "KB3057839", "KB3070102"]}, {"title": "Security Update for Windows Server 2003 (KB3013455)", "description": ["A security issue has been identified in a Microsoft software product that could affect your system. You can help protect your system by installing this update from Microsoft. For a complete listing of the issues that are included in this update, see the associated Microsoft Knowledge Base article. After you install this update, you may have to restart your system."], "date": "2/9/2015", "size": "1.4 MB", "severity": "Important", "support": "http://support.microsoft.com/kb/3013455", "replace": ["KB2160329", "KB2436673", "KB2479628", "KB2506223", "KB2555917", "KB2567053", "KB2639417", "KB2641653", "KB2660465", "KB2709162", "KB2718523", "KB2731847", "KB2761226", "KB2778344", "KB2779030", "KB2808735", "KB2829361", "KB2850851", "KB2876315", "KB2883150", "KB2893984", "KB2930275", "KB3000061", "KB3002885", "KB941693", "KB954211", "KB958690", "KB968537", "KB969947", "KB979559", "KB981957"], "replaced_by": ["KB3034344", "KB3045171", "KB3057839", "KB3070102"]}], "KB3035132": [{"title": "Security Update for Windows Server 2003 x64 Edition (KB3035132)", "description": ["A security issue has been identified in a Microsoft software product that could affect your system. You can help protect your system by installing this update from Microsoft. For a complete listing of the issues that are included in this update, see the associated Microsoft Knowledge Base article. After you install this update, you may have to restart your system."], "date": "3/10/2015", "size": "2.3 MB", "severity": "Important", "support": "http://support.microsoft.com/kb/3035132", "replace": [], "replaced_by": []}, {"title": "Security Update for Windows Server 2003 (KB3035132)", "description": ["A security issue has been identified in a Microsoft software product that could affect your system. You can help protect your system by installing this update from Microsoft. For a complete listing of the issues that are included in this update, see the associated Microsoft Knowledge Base article. After you install this update, you may have to restart your system."], "date": "3/10/2015", "size": "1.3 MB", "severity": "Important", "support": "http://support.microsoft.com/kb/3035132", "replace": [], "replaced_by": []}], "KB3067903": [{"title": "Security Update for Windows Server 2003 x64 Edition (KB3067903)", "description": ["A security issue has been identified in a Microsoft software product that could affect your system. You can help protect your system by installing this update from Microsoft. For a complete listing of the issues that are included in this update, see the associated Microsoft Knowledge Base article. After you install this update, you may have to restart your system."], "date": "7/14/2015", "size": "757 KB", "severity": "Important", "support": "http://support.microsoft.com/kb/3067903", "replace": [], "replaced_by": []}, {"title": "Security Update for Windows Server 2003 x64 Edition (KB3067903)", "description": ["A security issue has been identified in a Microsoft software product that could affect your system. You can help protect your system by installing this update from Microsoft. For a complete listing of the issues that are included in this update, see the associated Microsoft Knowledge Base article. After you install this update, you may have to restart your system."], "date": "7/14/2015", "size": "707 KB", "severity": "Important", "support": "http://support.microsoft.com/kb/3067903", "replace": [], "replaced_by": []}, {"title": "Security Update for Windows Server 2003 (KB3067903)", "description": ["A security issue has been identified in a Microsoft software product that could affect your system. You can help protect your system by installing this update from Microsoft. For a complete listing of the issues that are included in this update, see the associated Microsoft Knowledge Base article. After you install this update, you may have to restart your system."], "date": "7/14/2015", "size": "584 KB", "severity": "Important", "support": "http://support.microsoft.com/kb/3067903", "replace": [], "replaced_by": []}, {"title": "Security Update for Windows Server 2003 (KB3067903)", "description": ["A security issue has been identified in a Microsoft software product that could affect your system. You can help protect your system by installing this update from Microsoft. For a complete listing of the issues that are included in this update, see the associated Microsoft Knowledge Base article. After you install this update, you may have to restart your system."], "date": "7/14/2015", "size": "584 KB", "severity": "Important", "support": "http://support.microsoft.com/kb/3067903", "replace": [], "replaced_by": []}], "KB2918614": [{"title": "Security Update for Windows Server 2003 x64 Edition (KB2918614)", "description": ["A security issue has been identified in a Microsoft software product that could affect your system. You can help protect your system by installing this update from Microsoft. For a complete listing of the issues that are included in this update, see the associated Microsoft Knowledge Base article. After you install this update, you may have to restart your system."], "date": "11/11/2014", "size": "3.8 MB", "severity": "Important", "support": "http://support.microsoft.com/kb/2918614", "replace": ["KB2868626", "KB2607712", "KB2616676", "KB2641690", "KB2661254", "KB2718704", "KB927891"], "replaced_by": ["KB3072630"]}, {"title": "Security Update for Windows Server 2003 (KB2918614)", "description": ["A security issue has been identified in a Microsoft software product that could affect your system. You can help protect your system by installing this update from Microsoft. For a complete listing of the issues that are included in this update, see the associated Microsoft Knowledge Base article. After you install this update, you may have to restart your system."], "date": "11/11/2014", "size": "1.8 MB", "severity": "Important", "support": "http://support.microsoft.com/kb/2918614", "replace": ["KB2868626", "KB2607712", "KB2616676", "KB2641690", "KB2661254", "KB2718704", "KB927891"], "replaced_by": ["KB3072630"]}], "KB3023562": [{"title": "Security Update for Windows Server 2003 x64 Edition (KB3023562)", "description": ["A security issue has been identified in a Microsoft software product that could affect your system. You can help protect your system by installing this update from Microsoft. For a complete listing of the issues that are included in this update, see the associated Microsoft Knowledge Base article. After you install this update, you may have to restart your system."], "date": "2/9/2015", "size": "1.1 MB", "severity": "Important", "support": "http://support.microsoft.com/kb/3023562", "replace": ["KB2585542", "KB2655992", "KB2992611", "KB935840", "KB960225", "KB975467", "KB975467", "KB980436"], "replaced_by": []}, {"title": "Security Update for Windows Server 2003 (KB3023562)", "description": ["A security issue has been identified in a Microsoft software product that could affect your system. You can help protect your system by installing this update from Microsoft. For a complete listing of the issues that are included in this update, see the associated Microsoft Knowledge Base article. After you install this update, you may have to restart your system."], "date": "2/9/2015", "size": "694 KB", "severity": "Important", "support": "http://support.microsoft.com/kb/3023562", "replace": ["KB2585542", "KB2655992", "KB2992611", "KB935840", "KB960225", "KB975467", "KB975467", "KB980436"], "replaced_by": []}], "KB3020393": [{"title": "Security Update for Windows Server 2003 (KB3020393)", "description": ["A security issue has been identified in a Microsoft software product that could affect your system. You can help protect your system by installing this update from Microsoft. For a complete listing of the issues that are included in this update, see the associated Microsoft Knowledge Base article. After you install this update, you may have to restart your system."], "date": "1/13/2015", "size": "526 KB", "severity": "Critical", "support": "http://support.microsoft.com/kb/3020393", "replace": [], "replaced_by": []}, {"title": "Security Update for Windows Server 2003 x64 Edition (KB3020393)", "description": ["A security issue has been identified in a Microsoft software product that could affect your system. You can help protect your system by installing this update from Microsoft. For a complete listing of the issues that are included in this update, see the associated Microsoft Knowledge Base article. After you install this update, you may have to restart your system."], "date": "1/13/2015", "size": "712 KB", "severity": "Critical", "support": "http://support.microsoft.com/kb/3020393", "replace": [], "replaced_by": []}], "KB2992611": [{"title": "Security Update for Windows Server 2003 (KB2992611)", "description": ["A security issue has been identified in a Microsoft software product that could affect your system. You can help protect your system by installing this update from Microsoft. For a complete listing of the issues that are included in this update, see the associated Microsoft Knowledge Base article. After you install this update, you may have to restart your system."], "date": "11/11/2014", "size": "694 KB", "severity": "Critical", "support": "http://support.microsoft.com/kb/2992611", "replace": ["KB2585542", "KB2655992", "KB935840", "KB960225", "KB975467", "KB975467", "KB980436"], "replaced_by": ["KB3023562", "KB3046049", "KB3061518"]}, {"title": "Security Update for Windows Server 2003 x64 Edition (KB2992611)", "description": ["A security issue has been identified in a Microsoft software product that could affect your system. You can help protect your system by installing this update from Microsoft. For a complete listing of the issues that are included in this update, see the associated Microsoft Knowledge Base article. After you install this update, you may have to restart your system."], "date": "11/11/2014", "size": "1.1 MB", "severity": "Critical", "support": "http://support.microsoft.com/kb/2992611", "replace": ["KB2585542", "KB2655992", "KB935840", "KB960225", "KB975467", "KB975467", "KB980436"], "replaced_by": ["KB3023562", "KB3046049", "KB3061518"]}], "KB3061518": [{"title": "Security Update for Windows Server 2003 x64 Edition (KB3061518)", "description": ["A security issue has been identified in a Microsoft software product that could affect your system. You can help protect your system by installing this update from Microsoft. For a complete listing of the issues that are included in this update, see the associated Microsoft Knowledge Base article. After you install this update, you may have to restart your system."], "date": "5/12/2015", "size": "1.1 MB", "severity": "Important", "support": "http://support.microsoft.com/kb/3061518", "replace": ["KB2585542", "KB2655992", "KB2992611", "KB3046049", "KB935840", "KB960225", "KB975467", "KB975467", "KB980436"], "replaced_by": []}, {"title": "Security Update for Windows Server 2003 (KB3061518)", "description": ["A security issue has been identified in a Microsoft software product that could affect your system. You can help protect your system by installing this update from Microsoft. For a complete listing of the issues that are included in this update, see the associated Microsoft Knowledge Base article. After you install this update, you may have to restart your system."], "date": "5/12/2015", "size": "694 KB", "severity": "Important", "support": "http://support.microsoft.com/kb/3061518", "replace": ["KB2585542", "KB2655992", "KB2992611", "KB3046049", "KB935840", "KB960225", "KB975467", "KB975467", "KB980436"], "replaced_by": []}], "KB2939576": [{"title": "Security Update for Windows Server 2003 x64 Edition (KB2939576)", "description": ["A security issue has been identified in a Microsoft software product that could affect your system. You can help protect your system by installing this update from Microsoft. For a complete listing of the issues that are included in this update, see the associated Microsoft Knowledge Base article. After you install this update, you may have to restart your system."], "date": "6/10/2014", "size": "1.7 MB", "severity": "Low", "support": "http://support.microsoft.com/kb/2939576", "replace": ["KB2079403", "KB2719985", "KB2757638", "KB2916036", "KB936021", "KB955069", "KB973687"], "replaced_by": ["KB2993958"]}, {"title": "Security Update for Windows Server 2003 (KB2939576)", "description": ["A security issue has been identified in a Microsoft software product that could affect your system. You can help protect your system by installing this update from Microsoft. For a complete listing of the issues that are included in this update, see the associated Microsoft Knowledge Base article. After you install this update, you may have to restart your system."], "date": "6/10/2014", "size": "921 KB", "severity": "Low", "support": "http://support.microsoft.com/kb/2939576", "replace": ["KB2079403", "KB2719985", "KB2916036", "KB936021", "KB955069", "KB973687"], "replaced_by": ["KB2993958"]}]}