[{"KB2957482": []}, {"KB3033395": ["https://www.catalog.update.microsoft.com/ScopedViewInline.aspx?updateid=e45e8999-42b5-4033-b4ab-f3de45dd08cf", "https://www.catalog.update.microsoft.com/ScopedViewInline.aspx?updateid=f5bcf591-1b57-4904-bbd0-0df0ba9410b0"]}, {"KB3039066": ["https://www.catalog.update.microsoft.com/ScopedViewInline.aspx?updateid=50cba085-5e3a-4c26-a77d-785ad55fe271", "https://www.catalog.update.microsoft.com/ScopedViewInline.aspx?updateid=fe9fdb28-7192-4e3f-8767-0e50d2d2ce7c"]}, {"KB2989935": ["https://www.catalog.update.microsoft.com/ScopedViewInline.aspx?updateid=ec5de966-a09a-4c09-9982-37ce33f51135", "https://www.catalog.update.microsoft.com/ScopedViewInline.aspx?updateid=bf126634-fa16-4573-81c4-33c898bc7edb"]}, {"KB3070102": ["https://www.catalog.update.microsoft.com/ScopedViewInline.aspx?updateid=ee6ab287-0ab9-4321-b5a3-605432afb6a1", "https://www.catalog.update.microsoft.com/ScopedViewInline.aspx?updateid=c2b2accb-59fc-4650-b834-625e3e511afa"]}, {"KB2753842": ["https://www.catalog.update.microsoft.com/ScopedViewInline.aspx?updateid=fdbef574-459e-4c57-a840-4e66ee7ec9f2", "https://www.catalog.update.microsoft.com/ScopedViewInline.aspx?updateid=adb8db89-dec8-4ffe-ac90-f5e756113e95"]}, {"KB2993254": ["https://www.catalog.update.microsoft.com/ScopedViewInline.aspx?updateid=10e51e4e-4869-4cf3-83f2-564da0cf1b7d", "https://www.catalog.update.microsoft.com/ScopedViewInline.aspx?updateid=7984b0f5-0d24-4303-87e7-0b3d3c135983"]}, {"KB3019215": ["https://www.catalog.update.microsoft.com/ScopedViewInline.aspx?updateid=10f38930-5b79-4042-a4be-31452c2de054", "https://www.catalog.update.microsoft.com/ScopedViewInline.aspx?updateid=12d3bc7f-692b-4dc3-b138-d46890ce16ff"]}, {"KB3046482": ["https://www.catalog.update.microsoft.com/ScopedViewInline.aspx?updateid=3a5b592d-ba1b-4adc-9910-9ac1f41d7de0", "https://www.catalog.update.microsoft.com/ScopedViewInline.aspx?updateid=a044dd3a-05e7-4309-9cb0-6baf95563219"]}, {"KB3006226": ["https://www.catalog.update.microsoft.com/ScopedViewInline.aspx?updateid=1b14149e-c17d-4d58-81cc-4f09004d9d66", "https://www.catalog.update.microsoft.com/ScopedViewInline.aspx?updateid=1612ba5f-5a0e-440b-aef5-362b05d595d1"]}, {"KB2993958": ["https://www.catalog.update.microsoft.com/ScopedViewInline.aspx?updateid=298e98f0-872b-424f-b61f-906347927703", "https://www.catalog.update.microsoft.com/ScopedViewInline.aspx?updateid=4387c135-05c2-43a9-b6f4-8da6a8ce6c99"]}, {"KB3069392": ["https://www.catalog.update.microsoft.com/ScopedViewInline.aspx?updateid=4f5f0b34-512e-46aa-915e-1aabf32f0dfb", "https://www.catalog.update.microsoft.com/ScopedViewInline.aspx?updateid=c5a48237-117b-473c-ae5f-e314120ab65a"]}, {"KB3034344": ["https://www.catalog.update.microsoft.com/ScopedViewInline.aspx?updateid=a840681c-231f-48e2-a06b-f66b67b178d7", "https://www.catalog.update.microsoft.com/ScopedViewInline.aspx?updateid=61162cb3-8898-409a-b0be-3e066a24a60c"]}, {"KB3045171": ["https://www.catalog.update.microsoft.com/ScopedViewInline.aspx?updateid=1f61aa45-536e-4966-befe-9fb8e7b168af", "https://www.catalog.update.microsoft.com/ScopedViewInline.aspx?updateid=47e6e3c2-cc93-477a-ba66-8b9c8cc2794a"]}, {"KB2918614": ["https://www.catalog.update.microsoft.com/ScopedViewInline.aspx?updateid=63a865d7-40f9-477b-ad67-31a4fdedd3a8", "https://www.catalog.update.microsoft.com/ScopedViewInline.aspx?updateid=63360c09-8c8f-433c-a37e-46e48cc99cf0"]}, {"KB3045999": ["https://www.catalog.update.microsoft.com/ScopedViewInline.aspx?updateid=b0c38bc6-c192-4e28-8da9-e2d309aaf759", "https://www.catalog.update.microsoft.com/ScopedViewInline.aspx?updateid=dd62659f-db48-454a-b4bf-7ced2e6d60dc"]}, {"KB3000061": ["https://www.catalog.update.microsoft.com/ScopedViewInline.aspx?updateid=d8f496fb-b2e8-4636-b5a0-33110611321e", "https://www.catalog.update.microsoft.com/ScopedViewInline.aspx?updateid=5e02af5b-0e74-4a65-91b9-01dfefba27c9"]}, {"KB2957503": ["https://www.catalog.update.microsoft.com/ScopedViewInline.aspx?updateid=fa0b2f49-13b7-4022-b574-a93afcdcf455", "https://www.catalog.update.microsoft.com/ScopedViewInline.aspx?updateid=d6bb9fca-ce6f-4a89-bcea-353bb4145fab"]}, {"KB3020393": ["https://www.catalog.update.microsoft.com/ScopedViewInline.aspx?updateid=d86ad1c5-d79a-489c-9ac3-c8f6fe2acbc4", "https://www.catalog.update.microsoft.com/ScopedViewInline.aspx?updateid=57594b69-2586-498b-ad3d-bbf6b630048e"]}, {"KB2923392": ["https://www.catalog.update.microsoft.com/ScopedViewInline.aspx?updateid=a60a74a9-2bcd-4383-be2b-af85aed2e8e6", "https://www.catalog.update.microsoft.com/ScopedViewInline.aspx?updateid=2d19a5ae-4297-45f6-8b35-60db096a856c"]}, {"KB3011780": ["https://www.catalog.update.microsoft.com/ScopedViewInline.aspx?updateid=c0539cb0-d3c0-4ec7-85db-b9ce74ea37ee", "https://www.catalog.update.microsoft.com/ScopedViewInline.aspx?updateid=45b5c5a8-d042-48cc-8838-afb6b32a6952"]}, {"KB3072630": ["https://www.catalog.update.microsoft.com/ScopedViewInline.aspx?updateid=366b1a97-adcd-4ddc-8a19-3886ec92888b", "https://www.catalog.update.microsoft.com/ScopedViewInline.aspx?updateid=e4040071-cb0e-4c85-9641-3c19c3f7022e"]}, {"KB2998579": ["https://www.catalog.update.microsoft.com/ScopedViewInline.aspx?updateid=e29cce26-a865-4e20-98a8-9ba1d38d6070", "https://www.catalog.update.microsoft.com/ScopedViewInline.aspx?updateid=4f726943-8085-4614-8aeb-3b34f8423899"]}, {"KB2961072": ["https://www.catalog.update.microsoft.com/ScopedViewInline.aspx?updateid=2164de4f-0849-47bd-8739-aa17590de597", "https://www.catalog.update.microsoft.com/ScopedViewInline.aspx?updateid=d6691091-2434-4935-b620-31a8b83ec929"]}, {"KB3057839": ["https://www.catalog.update.microsoft.com/ScopedViewInline.aspx?updateid=2763c1dc-8b67-4e2b-b708-f44040e17953", "https://www.catalog.update.microsoft.com/ScopedViewInline.aspx?updateid=9648fd02-1304-4b34-aff2-666fa7c1ef1a"]}, {"KB2893294": ["https://www.catalog.update.microsoft.com/ScopedViewInline.aspx?updateid=7459ac77-7089-463e-8e78-9936554cfe6c", "https://www.catalog.update.microsoft.com/ScopedViewInline.aspx?updateid=b7249795-ff10-45f7-9815-319ec2bd91af"]}, {"KB3014029": ["https://www.catalog.update.microsoft.com/ScopedViewInline.aspx?updateid=57d000e3-f625-4dd9-9763-5ab26c060657", "https://www.catalog.update.microsoft.com/ScopedViewInline.aspx?updateid=5b3ae4b9-3c0a-4926-bcbb-15fadfa9c5e1"]}, {"KB3072633": ["https://www.catalog.update.microsoft.com/ScopedViewInline.aspx?updateid=b78b8254-668c-43d0-910c-7094bdeda6c2", "https://www.catalog.update.microsoft.com/ScopedViewInline.aspx?updateid=4d6a5494-daea-4ccc-a426-a8b251ce02dd"]}, {"KB3067505": ["https://www.catalog.update.microsoft.com/ScopedViewInline.aspx?updateid=657aba3d-8fca-4e79-b2d9-0ffec78811c7", "https://www.catalog.update.microsoft.com/ScopedViewInline.aspx?updateid=d0d67ab2-03aa-49e7-93d9-574b72388db0"]}, {"KB3002657": ["https://www.catalog.update.microsoft.com/ScopedViewInline.aspx?updateid=9d58c8e7-abc0-415d-9a52-e5bbf6202f47", "https://www.catalog.update.microsoft.com/ScopedViewInline.aspx?updateid=0330b8e8-456c-41f5-8629-43018bf09c86"]}, {"KB2926765": ["https://www.catalog.update.microsoft.com/ScopedViewInline.aspx?updateid=32530018-062b-4a0f-878a-a8a77729a048", "https://www.catalog.update.microsoft.com/ScopedViewInline.aspx?updateid=8926da6c-b61b-4179-9b06-2cfe8f5ba112"]}, {"KB3013126": ["https://www.catalog.update.microsoft.com/ScopedViewInline.aspx?updateid=b01f648f-99e2-4cd5-948b-195ff76418d3", "https://www.catalog.update.microsoft.com/ScopedViewInline.aspx?updateid=5582c449-7410-4c41-bad6-1680a775cb0d"]}, {"KB3002885": ["https://www.catalog.update.microsoft.com/ScopedViewInline.aspx?updateid=478a743f-7997-4e5a-bf19-9db4e14c9423", "https://www.catalog.update.microsoft.com/ScopedViewInline.aspx?updateid=6c6a2120-2e41-4e61-b26b-3d60599f56ba"]}, {"KB3067903": ["https://www.catalog.update.microsoft.com/ScopedViewInline.aspx?updateid=301c103b-c817-43dc-b81f-2b558081aef5", "https://www.catalog.update.microsoft.com/ScopedViewInline.aspx?updateid=5be09ab7-742f-4454-8887-1e1c1bffde76", "https://www.catalog.update.microsoft.com/ScopedViewInline.aspx?updateid=2e348ab8-497a-484a-894b-f44e80e1896e", "https://www.catalog.update.microsoft.com/ScopedViewInline.aspx?updateid=a134a0e0-89d2-4a4b-898b-5bfe456b6b72"]}, {"KB3061518": ["https://www.catalog.update.microsoft.com/ScopedViewInline.aspx?updateid=1910dcf9-5ef5-4b53-b7ed-2446a12efd01", "https://www.catalog.update.microsoft.com/ScopedViewInline.aspx?updateid=9d6c0c68-0c4d-4879-991e-0b74b6a90db4"]}, {"KB3033889": ["https://www.catalog.update.microsoft.com/ScopedViewInline.aspx?updateid=c075d3cc-877d-47f5-ba94-78a420eae128", "https://www.catalog.update.microsoft.com/ScopedViewInline.aspx?updateid=49854906-12f8-426a-82ab-5d343f924451"]}, {"KB3029944": ["https://www.catalog.update.microsoft.com/ScopedViewInline.aspx?updateid=54880f32-ea61-41ca-8c62-e3b1f75a2c89", "https://www.catalog.update.microsoft.com/ScopedViewInline.aspx?updateid=316e6d51-c2c7-4e94-9ca7-f8c8d6a526af"]}, {"KB3032323": ["https://www.catalog.update.microsoft.com/ScopedViewInline.aspx?updateid=2d42ac3a-1139-4c30-a170-9b6ce47180f3", "https://www.catalog.update.microsoft.com/ScopedViewInline.aspx?updateid=48757562-6bb3-4b7e-bd4c-6dff24ede634"]}, {"KB2939576": ["https://www.catalog.update.microsoft.com/ScopedViewInline.aspx?updateid=e48b1eec-6b80-4b1e-9cb9-4977935cf1f5", "https://www.catalog.update.microsoft.com/ScopedViewInline.aspx?updateid=6ad8f321-ce80-42fd-9ede-1a0716cf57c6"]}, {"KB2992611": ["https://www.catalog.update.microsoft.com/ScopedViewInline.aspx?updateid=dfabadb8-6af7-4324-9ce5-4908ac66f753", "https://www.catalog.update.microsoft.com/ScopedViewInline.aspx?updateid=52677b23-af76-48b9-b541-0c555eebd51d"]}, {"KB2922229": ["https://www.catalog.update.microsoft.com/ScopedViewInline.aspx?updateid=eec86ac1-c93e-40a4-8c01-b5596bfbd252", "https://www.catalog.update.microsoft.com/ScopedViewInline.aspx?updateid=60924111-0656-4f38-bb5c-9feaeffcd0f5"]}, {"KB3021674": ["https://www.catalog.update.microsoft.com/ScopedViewInline.aspx?updateid=b76ebab3-db67-4cad-9886-810f344d5806", "https://www.catalog.update.microsoft.com/ScopedViewInline.aspx?updateid=472c9afb-3a75-465a-85fb-5e197aa27dc5"]}, {"KB2893984": ["https://www.catalog.update.microsoft.com/ScopedViewInline.aspx?updateid=2779dc10-ff6c-42b4-8d72-d7376f386ee4", "https://www.catalog.update.microsoft.com/ScopedViewInline.aspx?updateid=aece465c-f0c5-4f17-917f-320ffb7c6397"]}, {"KB3045685": ["https://www.catalog.update.microsoft.com/ScopedViewInline.aspx?updateid=a5fe59a7-d3db-40a4-98b0-6512272bec95", "https://www.catalog.update.microsoft.com/ScopedViewInline.aspx?updateid=5e4f84a9-de06-4313-9a61-63717acdf4b2"]}, {"KB2993651": ["https://www.catalog.update.microsoft.com/ScopedViewInline.aspx?updateid=de7ee6ee-a24f-4689-8583-00776839c261", "https://www.catalog.update.microsoft.com/ScopedViewInline.aspx?updateid=db55206d-be38-4818-8e19-7352c4dc0a8a"]}, {"KB2916036": ["https://www.catalog.update.microsoft.com/ScopedViewInline.aspx?updateid=98fb7ac4-fd16-4e4d-bbc7-aaebbb2a02e4", "https://www.catalog.update.microsoft.com/ScopedViewInline.aspx?updateid=8bf39e38-e6d5-44a5-b1a6-90c9bfadc354"]}, {"KB3046306": ["https://www.catalog.update.microsoft.com/ScopedViewInline.aspx?updateid=e1234a97-6613-4e39-989f-1a90318f63ea", "https://www.catalog.update.microsoft.com/ScopedViewInline.aspx?updateid=0c0c7774-1e4a-4ae7-8984-692c1eb728e9"]}, {"KB3004361": ["https://www.catalog.update.microsoft.com/ScopedViewInline.aspx?updateid=3542d460-e0d6-4127-8ba2-d427331dd6bd", "https://www.catalog.update.microsoft.com/ScopedViewInline.aspx?updateid=abd1de1b-31fe-46c2-b607-bb1d3d45cf81"]}, {"KB3013455": ["https://www.catalog.update.microsoft.com/ScopedViewInline.aspx?updateid=e02eeb1f-086f-4d89-90d4-f7546ff70c6c", "https://www.catalog.update.microsoft.com/ScopedViewInline.aspx?updateid=427231c6-84ac-42f4-96c3-af96a2a8d57f"]}, {"KB3068457": ["https://www.catalog.update.microsoft.com/ScopedViewInline.aspx?updateid=0f01aba5-d5a0-47dc-8933-1970632512da", "https://www.catalog.update.microsoft.com/ScopedViewInline.aspx?updateid=cacc4260-bd1e-4f69-b10c-8a1dbf44b506"]}, {"KB3023562": ["https://www.catalog.update.microsoft.com/ScopedViewInline.aspx?updateid=e1291a2f-fd3f-46f3-b56e-e081675784bf", "https://www.catalog.update.microsoft.com/ScopedViewInline.aspx?updateid=562dc25c-d769-464f-bac6-fa26703e6e14"]}, {"KB3035132": ["https://www.catalog.update.microsoft.com/ScopedViewInline.aspx?updateid=23c47705-07f5-4a86-b983-995cce228858", "https://www.catalog.update.microsoft.com/ScopedViewInline.aspx?updateid=3d4ccbd5-4919-4ed0-b2e6-7764741e4c1e"]}, {"KB3077657": ["https://www.catalog.update.microsoft.com/ScopedViewInline.aspx?updateid=caac6829-2e22-45e4-8739-6e77fe92a542", "https://www.catalog.update.microsoft.com/ScopedViewInline.aspx?updateid=977ddeef-642d-48fd-a056-d75cfbeab347"]}, {"KB2991963": ["https://www.catalog.update.microsoft.com/ScopedViewInline.aspx?updateid=df1a2f7a-e7fe-43e8-bbc3-4c515464a163", "https://www.catalog.update.microsoft.com/ScopedViewInline.aspx?updateid=b33c12bb-9d3c-40b1-8930-40c153023083"]}, {"KB2933528": ["https://www.catalog.update.microsoft.com/ScopedViewInline.aspx?updateid=a0882e79-ff78-440b-8fe1-64b75e107fc3", "https://www.catalog.update.microsoft.com/ScopedViewInline.aspx?updateid=0d6b0e76-63ff-404a-984a-123739ccf880"]}, {"KB2957509": ["https://www.catalog.update.microsoft.com/ScopedViewInline.aspx?updateid=3a7da539-e9ce-4950-b309-b7a0fe5ce310", "https://www.catalog.update.microsoft.com/ScopedViewInline.aspx?updateid=50c6abde-c04c-41c8-86c2-95a62ba3be58"]}, {"KB3046049": ["https://www.catalog.update.microsoft.com/ScopedViewInline.aspx?updateid=263ae078-8ec8-4817-9b89-14665806fcb9", "https://www.catalog.update.microsoft.com/ScopedViewInline.aspx?updateid=c3b1da98-f0e6-473b-b90f-45a9a1e126d0"]}]