{
  "count": 44,
  "data": [
    {
      "kb": "KB4012598",
      "product": "Windows Server 2003",
      "bit": "x64"
    },
    {
      "kb": "KB4012583",
      "product": "Windows Server 2003",
      "bit": "x64"
    },
    {
      "kb": "KB4018466",
      "product": "Windows Server 2003",
      "bit": "x64"
    },
    {
      "kb": "KB4024402",
      "product": "Windows Server 2003",
      "bit": "x64"
    },
    {
      "kb": "KB4019204",
      "product": "Windows Server 2003",
      "bit": "x64"
    },
    {
      "kb": "KB3023562",
      "product": "Windows Server 2003",
      "bit": "x64"
    },
    {
      "kb": "KB3067505",
      "product": "Windows Server 2003",
      "bit": "x64"
    },
    {
      "kb": "KB3072630",
      "product": "Windows Server 2003",
      "bit": "x64"
    },
    {
      "kb": "KB2998579",
      "product": "Windows Server 2003",
      "bit": "x64"
    },
    {
      "kb": "KB3061518",
      "product": "Windows Server 2003",
      "bit": "x64"
    },
    {
      "kb": "KB3019215",
      "product": "Windows Server 2003",
      "bit": "x64"
    },
    {
      "kb": "KB2993254",
      "product": "Windows Server 2003",
      "bit": "x64"
    },
    {
      "kb": "KB3011780",
      "product": "Windows Server 2003",
      "bit": "x64"
    },
    {
      "kb": "KB3006226",
      "product": "Windows Server 2003",
      "bit": "x64"
    },
    {
      "kb": "KB2989935",
      "product": "Windows Server 2003",
      "bit": "x64"
    },
    {
      "kb": "KB3013126",
      "product": "Windows Server 2003",
      "bit": "x64"
    },
    {
      "kb": "KB2926765",
      "product": "Windows Server 2003",
      "bit": "x64"
    },
    {
      "kb": "KB3045171",
      "product": "Windows Server 2003",
      "bit": "x64"
    },
    {
      "kb": "KB2961072",
      "product": "Windows Server 2003",
      "bit": "x64"
    },
    {
      "kb": "KB3045999",
      "product": "Windows Server 2003",
      "bit": "x64"
    },
    {
      "kb": "KB2933528",
      "product": "Windows Server 2003",
      "bit": "x64"
    },
    {
      "kb": "KB3039066",
      "product": "Windows Server 2003",
      "bit": "x64"
    },
    {
      "kb": "KB3021674",
      "product": "Windows Server 2003",
      "bit": "x64"
    },
    {
      "kb": "KB3068457",
      "product": "Windows Server 2003",
      "bit": "x64"
    },
    {
      "kb": "KB3045685",
      "product": "Windows Server 2003",
      "bit": "x64"
    },
    {
      "kb": "KB3067903",
      "product": "Windows Server 2003",
      "bit": "x64"
    },
    {
      "kb": "KB3020393",
      "product": "Windows Server 2003",
      "bit": "x64"
    },
    {
      "kb": "KB3014029",
      "product": "Windows Server 2003",
      "bit": "x64"
    },
    {
      "kb": "KB2991963",
      "product": "Windows Server 2003",
      "bit": "x64"
    },
    {
      "kb": "KB2993651",
      "product": "Windows Server 2003",
      "bit": "x64"
    },
    {
      "kb": "KB3029944",
      "product": "Windows Server 2003",
      "bit": "x64"
    },
    {
      "kb": "KB3046482",
      "product": "Windows Server 2003",
      "bit": "x64"
    },
    {
      "kb": "KB3035132",
      "product": "Windows Server 2003",
      "bit": "x64"
    },
    {
      "kb": "KB3070102",
      "product": "Windows Server 2003",
      "bit": "x64"
    },
    {
      "kb": "KB2923392",
      "product": "Windows Server 2003",
      "bit": "x64"
    },
    {
      "kb": "KB2957503",
      "product": "Windows Server 2003",
      "bit": "x64"
    },
    {
      "kb": "KB2893294",
      "product": "Windows Server 2003",
      "bit": "x64"
    },
    {
      "kb": "KB2922229",
      "product": "Windows Server 2003",
      "bit": "x64"
    },
    {
      "kb": "KB3077657",
      "product": "Windows Server 2003",
      "bit": "x64"
    },
    {
      "kb": "KB3069392",
      "product": "Windows Server 2003",
      "bit": "x64"
    },
    {
      "kb": "KB2957509",
      "product": "Windows Server 2003",
      "bit": "x64"
    },
    {
      "kb": "KB3004361",
      "product": "Windows Server 2003",
      "bit": "x64"
    },
    {
      "kb": "KB3072633",
      "product": "Windows Server 2003",
      "bit": "x64"
    },
    {
      "kb": "KB3033889",
      "product": "Windows Server 2003",
      "bit": "x64"
    }
  ]
}