{
  "count": 9,
  "data": [
    {
      "kb": "KB4054521",
      "product": "Windows Server 2008 R2 SP1",
      "bit": "x64"
    },
    {
      "kb": "KB4457145",
      "product": "Windows Server 2008 R2 SP1",
      "bit": "x64"
    },
    {
      "kb": "KB3205394",
      "product": "Windows Server 2008 R2 SP1",
      "bit": "x64"
    },
    {
      "kb": "KB4093108",
      "product": "Windows Server 2008 R2 SP1",
      "bit": "x64"
    },
    {
      "kb": "KB4100480",
      "product": "Windows Server 2008 R2 SP1",
      "bit": "x64"
    },
    {
      "kb": "KB4012212",
      "product": "Windows Server 2008 R2 SP1",
      "bit": "x64"
    },
    {
      "kb": "KB3192391",
      "product": "Windows Server 2008 R2 SP1",
      "bit": "x64"
    },
    {
      "kb": "KB3197867",
      "product": "Windows Server 2008 R2 SP1",
      "bit": "x64"
    },
    {
      "kb": "KB3045685",
      "product": "Windows Server 2008 R2 SP1",
      "bit": "x64"
    }
  ]
}