{
  "count": 81,
  "data": [
    {
      "kb": "KB3185911",
      "product": "Windows Server 2008",
      "bit": "x64"
    },
    {
      "kb": "KB4032201",
      "product": "Windows Server 2008",
      "bit": "x64"
    },
    {
      "kb": "KB4042723",
      "product": "Windows Server 2008",
      "bit": "x64"
    },
    {
      "kb": "KB4489876",
      "product": "Windows Server 2008",
      "bit": "x64"
    },
    {
      "kb": "KB4091756",
      "product": "Windows Server 2008",
      "bit": "x64"
    },
    {
      "kb": "KB4101477",
      "product": "Windows Server 2008",
      "bit": "x64"
    },
    {
      "kb": "KB3205638",
      "product": "Windows Server 2008",
      "bit": "x64"
    },
    {
      "kb": "KB4012584",
      "product": "Windows Server 2008",
      "bit": "x64"
    },
    {
      "kb": "KB4022008",
      "product": "Windows Server 2008",
      "bit": "x64"
    },
    {
      "kb": "KB4341832",
      "product": "Windows Server 2008",
      "bit": "x64"
    },
    {
      "kb": "KB4022914",
      "product": "Windows Server 2008",
      "bit": "x64"
    },
    {
      "kb": "KB4018556",
      "product": "Windows Server 2008",
      "bit": "x64"
    },
    {
      "kb": "KB3170455",
      "product": "Windows Server 2008",
      "bit": "x64"
    },
    {
      "kb": "KB4340939",
      "product": "Windows Server 2008",
      "bit": "x64"
    },
    {
      "kb": "KB4471319",
      "product": "Windows Server 2008",
      "bit": "x64"
    },
    {
      "kb": "KB4046184",
      "product": "Windows Server 2008",
      "bit": "x64"
    },
    {
      "kb": "KB4089229",
      "product": "Windows Server 2008",
      "bit": "x64"
    },
    {
      "kb": "KB4012373",
      "product": "Windows Server 2008",
      "bit": "x64"
    },
    {
      "kb": "KB4042123",
      "product": "Windows Server 2008",
      "bit": "x64"
    },
    {
      "kb": "KB4463104",
      "product": "Windows Server 2008",
      "bit": "x64"
    },
    {
      "kb": "KB4507461",
      "product": "Windows Server 2008",
      "bit": "x64"
    },
    {
      "kb": "KB4487019",
      "product": "Windows Server 2008",
      "bit": "x64"
    },
    {
      "kb": "KB4034745",
      "product": "Windows Server 2008",
      "bit": "x64"
    },
    {
      "kb": "KB4291391",
      "product": "Windows Server 2008",
      "bit": "x64"
    },
    {
      "kb": "KB4089175",
      "product": "Windows Server 2008",
      "bit": "x64"
    },
    {
      "kb": "KB4022750",
      "product": "Windows Server 2008",
      "bit": "x64"
    },
    {
      "kb": "KB4014652",
      "product": "Windows Server 2008",
      "bit": "x64"
    },
    {
      "kb": "KB4467706",
      "product": "Windows Server 2008",
      "bit": "x64"
    },
    {
      "kb": "KB4467700",
      "product": "Windows Server 2008",
      "bit": "x64"
    },
    {
      "kb": "KB3217841",
      "product": "Windows Server 2008",
      "bit": "x64"
    },
    {
      "kb": "KB4026059",
      "product": "Windows Server 2008",
      "bit": "x64"
    },
    {
      "kb": "KB3217587",
      "product": "Windows Server 2008",
      "bit": "x64"
    },
    {
      "kb": "KB4042050",
      "product": "Windows Server 2008",
      "bit": "x64"
    },
    {
      "kb": "KB4025409",
      "product": "Windows Server 2008",
      "bit": "x64"
    },
    {
      "kb": "KB4035679",
      "product": "Windows Server 2008",
      "bit": "x64"
    },
    {
      "kb": "KB4094079",
      "product": "Windows Server 2008",
      "bit": "x64"
    },
    {
      "kb": "KB4025398",
      "product": "Windows Server 2008",
      "bit": "x64"
    },
    {
      "kb": "KB4018106",
      "product": "Windows Server 2008",
      "bit": "x64"
    },
    {
      "kb": "KB4018927",
      "product": "Windows Server 2008",
      "bit": "x64"
    },
    {
      "kb": "KB4025397",
      "product": "Windows Server 2008",
      "bit": "x64"
    },
    {
      "kb": "KB4022748",
      "product": "Windows Server 2008",
      "bit": "x64"
    },
    {
      "kb": "KB4012583",
      "product": "Windows Server 2008",
      "bit": "x64"
    },
    {
      "kb": "KB3141083",
      "product": "Windows Server 2008",
      "bit": "x64"
    },
    {
      "kb": "KB4130956",
      "product": "Windows Server 2008",
      "bit": "x64"
    },
    {
      "kb": "KB4022884",
      "product": "Windows Server 2008",
      "bit": "x64"
    },
    {
      "kb": "KB4047211",
      "product": "Windows Server 2008",
      "bit": "x64"
    },
    {
      "kb": "KB4134651",
      "product": "Windows Server 2008",
      "bit": "x64"
    },
    {
      "kb": "KB3159398",
      "product": "Windows Server 2008",
      "bit": "x64"
    },
    {
      "kb": "KB4338380",
      "product": "Windows Server 2008",
      "bit": "x64"
    },
    {
      "kb": "KB4034744",
      "product": "Windows Server 2008",
      "bit": "x64"
    },
    {
      "kb": "KB4458010",
      "product": "Windows Server 2008",
      "bit": "x64"
    },
    {
      "kb": "KB4457984",
      "product": "Windows Server 2008",
      "bit": "x64"
    },
    {
      "kb": "KB4056942",
      "product": "Windows Server 2008",
      "bit": "x64"
    },
    {
      "kb": "KB4052303",
      "product": "Windows Server 2008",
      "bit": "x64"
    },
    {
      "kb": "KB4345397",
      "product": "Windows Server 2008",
      "bit": "x64"
    },
    {
      "kb": "KB4025872",
      "product": "Windows Server 2008",
      "bit": "x64"
    },
    {
      "kb": "KB4230467",
      "product": "Windows Server 2008",
      "bit": "x64"
    },
    {
      "kb": "KB3193418",
      "product": "Windows Server 2008",
      "bit": "x64"
    },
    {
      "kb": "KB3217882",
      "product": "Windows Server 2008",
      "bit": "x64"
    },
    {
      "kb": "KB4503287",
      "product": "Windows Server 2008",
      "bit": "x64"
    },
    {
      "kb": "KB4339503",
      "product": "Windows Server 2008",
      "bit": "x64"
    },
    {
      "kb": "KB4039384",
      "product": "Windows Server 2008",
      "bit": "x64"
    },
    {
      "kb": "KB4018821",
      "product": "Windows Server 2008",
      "bit": "x64"
    },
    {
      "kb": "KB4026061",
      "product": "Windows Server 2008",
      "bit": "x64"
    },
    {
      "kb": "KB4493458",
      "product": "Windows Server 2008",
      "bit": "x64"
    },
    {
      "kb": "KB4480957",
      "product": "Windows Server 2008",
      "bit": "x64"
    },
    {
      "kb": "KB4499180",
      "product": "Windows Server 2008",
      "bit": "x64"
    },
    {
      "kb": "KB4517134",
      "product": "Windows Server 2008",
      "bit": "x64"
    },
    {
      "kb": "KB4130944",
      "product": "Windows Server 2008",
      "bit": "x64"
    },
    {
      "kb": "KB2998579",
      "product": "Windows Server 2008",
      "bit": "x64"
    },
    {
      "kb": "KB3011780",
      "product": "Windows Server 2008",
      "bit": "x64"
    },
    {
      "kb": "KB3045171",
      "product": "Windows Server 2008",
      "bit": "x64"
    },
    {
      "kb": "KB3021674",
      "product": "Windows Server 2008",
      "bit": "x64"
    },
    {
      "kb": "KB3068457",
      "product": "Windows Server 2008",
      "bit": "x64"
    },
    {
      "kb": "KB3045685",
      "product": "Windows Server 2008",
      "bit": "x64"
    },
    {
      "kb": "KB3067903",
      "product": "Windows Server 2008",
      "bit": "x64"
    },
    {
      "kb": "KB3020393",
      "product": "Windows Server 2008",
      "bit": "x64"
    },
    {
      "kb": "KB3014029",
      "product": "Windows Server 2008",
      "bit": "x64"
    },
    {
      "kb": "KB2991963",
      "product": "Windows Server 2008",
      "bit": "x64"
    },
    {
      "kb": "KB2893294",
      "product": "Windows Server 2008",
      "bit": "x64"
    },
    {
      "kb": "KB3004361",
      "product": "Windows Server 2008",
      "bit": "x64"
    }
  ]
}