{
  "count": 43,
  "data": [
    {
      "kb": "KB3168965",
      "product": "Windows Server 2008 R2",
      "bit": "x64"
    },
    {
      "kb": "KB3185911",
      "product": "Windows Server 2008 R2",
      "bit": "x64"
    },
    {
      "kb": "KB4343899",
      "product": "Windows Server 2008 R2",
      "bit": "x64"
    },
    {
      "kb": "KB4074598",
      "product": "Windows Server 2008 R2",
      "bit": "x64"
    },
    {
      "kb": "KB4022722",
      "product": "Windows Server 2008 R2",
      "bit": "x64"
    },
    {
      "kb": "KB4038779",
      "product": "Windows Server 2008 R2",
      "bit": "x64"
    },
    {
      "kb": "KB4284867",
      "product": "Windows Server 2008 R2",
      "bit": "x64"
    },
    {
      "kb": "KB4338823",
      "product": "Windows Server 2008 R2",
      "bit": "x64"
    },
    {
      "kb": "KB4499175",
      "product": "Windows Server 2008 R2",
      "bit": "x64"
    },
    {
      "kb": "KB4471328",
      "product": "Windows Server 2008 R2",
      "bit": "x64"
    },
    {
      "kb": "KB4489885",
      "product": "Windows Server 2008 R2",
      "bit": "x64"
    },
    {
      "kb": "KB4503269",
      "product": "Windows Server 2008 R2",
      "bit": "x64"
    },
    {
      "kb": "KB3168965",
      "product": "Windows Server 2008 R2",
      "bit": "x64"
    },
    {
      "kb": "KB4041678",
      "product": "Windows Server 2008 R2",
      "bit": "x64"
    },
    {
      "kb": "KB4088878",
      "product": "Windows Server 2008 R2",
      "bit": "x64"
    },
    {
      "kb": "KB4493448",
      "product": "Windows Server 2008 R2",
      "bit": "x64"
    },
    {
      "kb": "KB4015546",
      "product": "Windows Server 2008 R2",
      "bit": "x64"
    },
    {
      "kb": "KB4462915",
      "product": "Windows Server 2008 R2",
      "bit": "x64"
    },
    {
      "kb": "KB4507456",
      "product": "Windows Server 2008 R2",
      "bit": "x64"
    },
    {
      "kb": "KB4103712",
      "product": "Windows Server 2008 R2",
      "bit": "x64"
    },
    {
      "kb": "KB4486564",
      "product": "Windows Server 2008 R2",
      "bit": "x64"
    },
    {
      "kb": "KB4056897",
      "product": "Windows Server 2008 R2",
      "bit": "x64"
    },
    {
      "kb": "KB4467106",
      "product": "Windows Server 2008 R2",
      "bit": "x64"
    },
    {
      "kb": "KB3159398",
      "product": "Windows Server 2008 R2",
      "bit": "x64"
    },
    {
      "kb": "KB4048960",
      "product": "Windows Server 2008 R2",
      "bit": "x64"
    },
    {
      "kb": "KB4074587",
      "product": "Windows Server 2008 R2",
      "bit": "x64"
    },
    {
      "kb": "KB4480960",
      "product": "Windows Server 2008 R2",
      "bit": "x64"
    },
    {
      "kb": "KB4019263",
      "product": "Windows Server 2008 R2",
      "bit": "x64"
    },
    {
      "kb": "KB4034679",
      "product": "Windows Server 2008 R2",
      "bit": "x64"
    },
    {
      "kb": "KB4025337",
      "product": "Windows Server 2008 R2",
      "bit": "x64"
    },
    {
      "kb": "KB4516655",
      "product": "Windows Server 2008 R2",
      "bit": "x64"
    },
    {
      "kb": "KB3019215",
      "product": "Windows Server 2008 R2",
      "bit": "x64"
    },
    {
      "kb": "KB3011780",
      "product": "Windows Server 2008 R2",
      "bit": "x64"
    },
    {
      "kb": "KB3021674",
      "product": "Windows Server 2008 R2",
      "bit": "x64"
    },
    {
      "kb": "KB3068457",
      "product": "Windows Server 2008 R2",
      "bit": "x64"
    },
    {
      "kb": "KB3067903",
      "product": "Windows Server 2008 R2",
      "bit": "x64"
    },
    {
      "kb": "KB3020393",
      "product": "Windows Server 2008 R2",
      "bit": "x64"
    },
    {
      "kb": "KB3014029",
      "product": "Windows Server 2008 R2",
      "bit": "x64"
    },
    {
      "kb": "KB2991963",
      "product": "Windows Server 2008 R2",
      "bit": "x64"
    },
    {
      "kb": "KB3035132",
      "product": "Windows Server 2008 R2",
      "bit": "x64"
    },
    {
      "kb": "KB2992611",
      "product": "Windows Server 2008 R2",
      "bit": "x64"
    },
    {
      "kb": "KB2893294",
      "product": "Windows Server 2008 R2",
      "bit": "x64"
    },
    {
      "kb": "KB3004361",
      "product": "Windows Server 2008 R2",
      "bit": "x64"
    }
  ]
}