{
  "count": 49,
  "data": [
    {
      "kb": "KB3175024",
      "product": "Windows Server 2012 R2",
      "bit": "x64"
    },
    {
      "kb": "KB4499165",
      "product": "Windows Server 2012 R2",
      "bit": "x64"
    },
    {
      "kb": "KB4022717",
      "product": "Windows Server 2012 R2",
      "bit": "x64"
    },
    {
      "kb": "KB4507457",
      "product": "Windows Server 2012 R2",
      "bit": "x64"
    },
    {
      "kb": "KB4025333",
      "product": "Windows Server 2012 R2",
      "bit": "x64"
    },
    {
      "kb": "KB4462941",
      "product": "Windows Server 2012 R2",
      "bit": "x64"
    },
    {
      "kb": "KB4034672",
      "product": "Windows Server 2012 R2",
      "bit": "x64"
    },
    {
      "kb": "KB3197873",
      "product": "Windows Server 2012 R2",
      "bit": "x64"
    },
    {
      "kb": "KB4471322",
      "product": "Windows Server 2012 R2",
      "bit": "x64"
    },
    {
      "kb": "KB4503290",
      "product": "Windows Server 2012 R2",
      "bit": "x64"
    },
    {
      "kb": "KB4019213",
      "product": "Windows Server 2012 R2",
      "bit": "x64"
    },
    {
      "kb": "KB4041687",
      "product": "Windows Server 2012 R2",
      "bit": "x64"
    },
    {
      "kb": "KB4343888",
      "product": "Windows Server 2012 R2",
      "bit": "x64"
    },
    {
      "kb": "KB4074597",
      "product": "Windows Server 2012 R2",
      "bit": "x64"
    },
    {
      "kb": "KB4038793",
      "product": "Windows Server 2012 R2",
      "bit": "x64"
    },
    {
      "kb": "KB4103715",
      "product": "Windows Server 2012 R2",
      "bit": "x64"
    },
    {
      "kb": "KB3192392",
      "product": "Windows Server 2012 R2",
      "bit": "x64"
    },
    {
      "kb": "KB4284878",
      "product": "Windows Server 2012 R2",
      "bit": "x64"
    },
    {
      "kb": "KB4048961",
      "product": "Windows Server 2012 R2",
      "bit": "x64"
    },
    {
      "kb": "KB4338824",
      "product": "Windows Server 2012 R2",
      "bit": "x64"
    },
    {
      "kb": "KB4015547",
      "product": "Windows Server 2012 R2",
      "bit": "x64"
    },
    {
      "kb": "KB4457143",
      "product": "Windows Server 2012 R2",
      "bit": "x64"
    },
    {
      "kb": "KB3162343",
      "product": "Windows Server 2012 R2",
      "bit": "x64"
    },
    {
      "kb": "KB4041693",
      "product": "Windows Server 2012 R2",
      "bit": "x64"
    },
    {
      "kb": "KB4493467",
      "product": "Windows Server 2012 R2",
      "bit": "x64"
    },
    {
      "kb": "KB4054522",
      "product": "Windows Server 2012 R2",
      "bit": "x64"
    },
    {
      "kb": "KB4512938",
      "product": "Windows Server 2012 R2",
      "bit": "x64"
    },
    {
      "kb": "KB4088879",
      "product": "Windows Server 2012 R2",
      "bit": "x64"
    },
    {
      "kb": "KB4093115",
      "product": "Windows Server 2012 R2",
      "bit": "x64"
    },
    {
      "kb": "KB4467703",
      "product": "Windows Server 2012 R2",
      "bit": "x64"
    },
    {
      "kb": "KB4487028",
      "product": "Windows Server 2012 R2",
      "bit": "x64"
    },
    {
      "kb": "KB4012213",
      "product": "Windows Server 2012 R2",
      "bit": "x64"
    },
    {
      "kb": "KB4056898",
      "product": "Windows Server 2012 R2",
      "bit": "x64"
    },
    {
      "kb": "KB3155784",
      "product": "Windows Server 2012 R2",
      "bit": "x64"
    },
    {
      "kb": "KB3205400",
      "product": "Windows Server 2012 R2",
      "bit": "x64"
    },
    {
      "kb": "KB4489883",
      "product": "Windows Server 2012 R2",
      "bit": "x64"
    },
    {
      "kb": "KB4480964",
      "product": "Windows Server 2012 R2",
      "bit": "x64"
    },
    {
      "kb": "KB3175024",
      "product": "Windows Server 2012 R2",
      "bit": "x64"
    },
    {
      "kb": "KB3159398",
      "product": "Windows Server 2012 R2",
      "bit": "x64"
    },
    {
      "kb": "KB3067505",
      "product": "Windows Server 2012 R2",
      "bit": "x64"
    },
    {
      "kb": "KB3011780",
      "product": "Windows Server 2012 R2",
      "bit": "x64"
    },
    {
      "kb": "KB3045999",
      "product": "Windows Server 2012 R2",
      "bit": "x64"
    },
    {
      "kb": "KB3021674",
      "product": "Windows Server 2012 R2",
      "bit": "x64"
    },
    {
      "kb": "KB3045685",
      "product": "Windows Server 2012 R2",
      "bit": "x64"
    },
    {
      "kb": "KB3020393",
      "product": "Windows Server 2012 R2",
      "bit": "x64"
    },
    {
      "kb": "KB3014029",
      "product": "Windows Server 2012 R2",
      "bit": "x64"
    },
    {
      "kb": "KB2893294",
      "product": "Windows Server 2012 R2",
      "bit": "x64"
    },
    {
      "kb": "KB2893294",
      "product": "Windows Server 2012 R2",
      "bit": "x64"
    },
    {
      "kb": "KB3004361",
      "product": "Windows Server 2012 R2",
      "bit": "x64"
    }
  ]
}