{
  "count": 46,
  "data": [
    {
      "kb": "KB4054523",
      "product": "Windows Server 2012",
      "bit": "x64"
    },
    {
      "kb": "KB4088880",
      "product": "Windows Server 2012",
      "bit": "x64"
    },
    {
      "kb": "KB3175024",
      "product": "Windows Server 2012",
      "bit": "x64"
    },
    {
      "kb": "KB4457140",
      "product": "Windows Server 2012",
      "bit": "x64"
    },
    {
      "kb": "KB4022718",
      "product": "Windows Server 2012",
      "bit": "x64"
    },
    {
      "kb": "KB3197876",
      "product": "Windows Server 2012",
      "bit": "x64"
    },
    {
      "kb": "KB4038786",
      "product": "Windows Server 2012",
      "bit": "x64"
    },
    {
      "kb": "KB4471326",
      "product": "Windows Server 2012",
      "bit": "x64"
    },
    {
      "kb": "KB4284846",
      "product": "Windows Server 2012",
      "bit": "x64"
    },
    {
      "kb": "KB4507464",
      "product": "Windows Server 2012",
      "bit": "x64"
    },
    {
      "kb": "KB4338830",
      "product": "Windows Server 2012",
      "bit": "x64"
    },
    {
      "kb": "KB4512939",
      "product": "Windows Server 2012",
      "bit": "x64"
    },
    {
      "kb": "KB4503263",
      "product": "Windows Server 2012",
      "bit": "x64"
    },
    {
      "kb": "KB4338820",
      "product": "Windows Server 2012",
      "bit": "x64"
    },
    {
      "kb": "KB4480972",
      "product": "Windows Server 2012",
      "bit": "x64"
    },
    {
      "kb": "KB4025343",
      "product": "Windows Server 2012",
      "bit": "x64"
    },
    {
      "kb": "KB4074589",
      "product": "Windows Server 2012",
      "bit": "x64"
    },
    {
      "kb": "KB4041679",
      "product": "Windows Server 2012",
      "bit": "x64"
    },
    {
      "kb": "KB3205408",
      "product": "Windows Server 2012",
      "bit": "x64"
    },
    {
      "kb": "KB4343896",
      "product": "Windows Server 2012",
      "bit": "x64"
    },
    {
      "kb": "KB4093122",
      "product": "Windows Server 2012",
      "bit": "x64"
    },
    {
      "kb": "KB4493450",
      "product": "Windows Server 2012",
      "bit": "x64"
    },
    {
      "kb": "KB4056899",
      "product": "Windows Server 2012",
      "bit": "x64"
    },
    {
      "kb": "KB4015548",
      "product": "Windows Server 2012",
      "bit": "x64"
    },
    {
      "kb": "KB4034666",
      "product": "Windows Server 2012",
      "bit": "x64"
    },
    {
      "kb": "KB4462931",
      "product": "Windows Server 2012",
      "bit": "x64"
    },
    {
      "kb": "KB4019214",
      "product": "Windows Server 2012",
      "bit": "x64"
    },
    {
      "kb": "KB4489884",
      "product": "Windows Server 2012",
      "bit": "x64"
    },
    {
      "kb": "KB4103726",
      "product": "Windows Server 2012",
      "bit": "x64"
    },
    {
      "kb": "KB4486993",
      "product": "Windows Server 2012",
      "bit": "x64"
    },
    {
      "kb": "KB4499158",
      "product": "Windows Server 2012",
      "bit": "x64"
    },
    {
      "kb": "KB4012214",
      "product": "Windows Server 2012",
      "bit": "x64"
    },
    {
      "kb": "KB4467678",
      "product": "Windows Server 2012",
      "bit": "x64"
    },
    {
      "kb": "KB3155784",
      "product": "Windows Server 2012",
      "bit": "x64"
    },
    {
      "kb": "KB4048962",
      "product": "Windows Server 2012",
      "bit": "x64"
    },
    {
      "kb": "KB3175024",
      "product": "Windows Server 2012",
      "bit": "x64"
    },
    {
      "kb": "KB3159398",
      "product": "Windows Server 2012",
      "bit": "x64"
    },
    {
      "kb": "KB3061518",
      "product": "Windows Server 2012",
      "bit": "x64"
    },
    {
      "kb": "KB3011780",
      "product": "Windows Server 2012",
      "bit": "x64"
    },
    {
      "kb": "KB3021674",
      "product": "Windows Server 2012",
      "bit": "x64"
    },
    {
      "kb": "KB3045685",
      "product": "Windows Server 2012",
      "bit": "x64"
    },
    {
      "kb": "KB3020393",
      "product": "Windows Server 2012",
      "bit": "x64"
    },
    {
      "kb": "KB3014029",
      "product": "Windows Server 2012",
      "bit": "x64"
    },
    {
      "kb": "KB2992611",
      "product": "Windows Server 2012",
      "bit": "x64"
    },
    {
      "kb": "KB2893294",
      "product": "Windows Server 2012",
      "bit": "x64"
    },
    {
      "kb": "KB3004361",
      "product": "Windows Server 2012",
      "bit": "x64"
    }
  ]
}